ID Venta,Fecha,Vendedor,Cliente,Producto,Categoría,Cantidad,Precio unitario,Costo unitario,Facturación,Costo total,Ganancia,Margen,Ciudad,Canal,Método de pago,Segmento cliente,Mes,Año,Trimestre
V0001,2025-10-16 00:00:00,Juan,C036,Monitor,Computación,1,237500,180000,"=+Tabla2[[#This Row],[Cantidad]]*Tabla2[[#This Row],[Precio unitario]]","=+Tabla2[[#This Row],[Costo unitario]]*Tabla2[[#This Row],[Cantidad]]","=+Tabla2[[#This Row],[Facturación]]-Tabla2[[#This Row],[Costo total]]","=+Tabla2[[#This Row],[Ganancia]]/Tabla2[[#This Row],[Facturación]]",Buenos Aires,Presencial,Transferencia,PyME,octubre,2025,T4
V0002,2024-01-31 00:00:00,Juan,C030,Mouse,Periféricos,1,26200,12000,"=+Tabla2[[#This Row],[Cantidad]]*Tabla2[[#This Row],[Precio unitario]]","=+Tabla2[[#This Row],[Costo unitario]]*Tabla2[[#This Row],[Cantidad]]","=+Tabla2[[#This Row],[Facturación]]-Tabla2[[#This Row],[Costo total]]","=+Tabla2[[#This Row],[Ganancia]]/Tabla2[[#This Row],[Facturación]]",Buenos Aires,Online,Transferencia,Particular,enero,2024,T1
V0003,2024-10-11 00:00:00,Lucía,C001,Teclado,Periféricos,1,38000,22000,"=+Tabla2[[#This Row],[Cantidad]]*Tabla2[[#This Row],[Precio unitario]]","=+Tabla2[[#This Row],[Costo unitario]]*Tabla2[[#This Row],[Cantidad]]","=+Tabla2[[#This Row],[Facturación]]-Tabla2[[#This Row],[Costo total]]","=+Tabla2[[#This Row],[Ganancia]]/Tabla2[[#This Row],[Facturación]]",Córdoba,Online,Tarjeta,PyME,octubre,2024,T4
V0004,2024-04-04 00:00:00,Ana,C046,Auriculares,Audio,3,60000,30000,"=+Tabla2[[#This Row],[Cantidad]]*Tabla2[[#This Row],[Precio unitario]]","=+Tabla2[[#This Row],[Costo unitario]]*Tabla2[[#This Row],[Cantidad]]","=+Tabla2[[#This Row],[Facturación]]-Tabla2[[#This Row],[Costo total]]","=+Tabla2[[#This Row],[Ganancia]]/Tabla2[[#This Row],[Facturación]]",Mendoza,Presencial,Transferencia,Empresa,abril,2024,T2
V0005,2024-03-21 00:00:00,Pedro,C080,Auriculares,Audio,2,57000,30000,"=+Tabla2[[#This Row],[Cantidad]]*Tabla2[[#This Row],[Precio unitario]]","=+Tabla2[[#This Row],[Costo unitario]]*Tabla2[[#This Row],[Cantidad]]","=+Tabla2[[#This Row],[Facturación]]-Tabla2[[#This Row],[Costo total]]","=+Tabla2[[#This Row],[Ganancia]]/Tabla2[[#This Row],[Facturación]]",Buenos Aires,Online,Mercado Pago,PyME,marzo,2024,T1
V0006,2026-05-25 00:00:00,Juan,C013,Mouse,Periféricos,2,27500,12000,"=+Tabla2[[#This Row],[Cantidad]]*Tabla2[[#This Row],[Precio unitario]]","=+Tabla2[[#This Row],[Costo unitario]]*Tabla2[[#This Row],[Cantidad]]","=+Tabla2[[#This Row],[Facturación]]-Tabla2[[#This Row],[Costo total]]","=+Tabla2[[#This Row],[Ganancia]]/Tabla2[[#This Row],[Facturación]]",Mendoza,Online,Transferencia,PyME,mayo,2026,T2
V0007,2026-08-17 00:00:00,Pedro,C010,Teclado,Periféricos,1,44000,22000,"=+Tabla2[[#This Row],[Cantidad]]*Tabla2[[#This Row],[Precio unitario]]","=+Tabla2[[#This Row],[Costo unitario]]*Tabla2[[#This Row],[Cantidad]]","=+Tabla2[[#This Row],[Facturación]]-Tabla2[[#This Row],[Costo total]]","=+Tabla2[[#This Row],[Ganancia]]/Tabla2[[#This Row],[Facturación]]",Mendoza,Online,Transferencia,Empresa,agosto,2026,T3
V0008,2025-12-05 00:00:00,Pedro,C042,Auriculares,Audio,4,60000,30000,"=+Tabla2[[#This Row],[Cantidad]]*Tabla2[[#This Row],[Precio unitario]]","=+Tabla2[[#This Row],[Costo unitario]]*Tabla2[[#This Row],[Cantidad]]","=+Tabla2[[#This Row],[Facturación]]-Tabla2[[#This Row],[Costo total]]","=+Tabla2[[#This Row],[Ganancia]]/Tabla2[[#This Row],[Facturación]]",Buenos Aires,Online,Tarjeta,Particular,diciembre,2025,T4
V0009,2026-07-24 00:00:00,Lucía,C041,Monitor,Computación,2,275000,180000,"=+Tabla2[[#This Row],[Cantidad]]*Tabla2[[#This Row],[Precio unitario]]","=+Tabla2[[#This Row],[Costo unitario]]*Tabla2[[#This Row],[Cantidad]]","=+Tabla2[[#This Row],[Facturación]]-Tabla2[[#This Row],[Costo total]]","=+Tabla2[[#This Row],[Ganancia]]/Tabla2[[#This Row],[Facturación]]",La Plata,Online,Tarjeta,Particular,julio,2026,T3
V0010,2025-07-28 00:00:00,Pedro,C075,Mouse,Periféricos,3,23800,12000,"=+Tabla2[[#This Row],[Cantidad]]*Tabla2[[#This Row],[Precio unitario]]","=+Tabla2[[#This Row],[Costo unitario]]*Tabla2[[#This Row],[Cantidad]]","=+Tabla2[[#This Row],[Facturación]]-Tabla2[[#This Row],[Costo total]]","=+Tabla2[[#This Row],[Ganancia]]/Tabla2[[#This Row],[Facturación]]",Córdoba,Presencial,Tarjeta,Particular,julio,2025,T3
V0011,2026-05-31 00:00:00,Juan,C021,Teclado,Periféricos,2,42000,22000,"=+Tabla2[[#This Row],[Cantidad]]*Tabla2[[#This Row],[Precio unitario]]","=+Tabla2[[#This Row],[Costo unitario]]*Tabla2[[#This Row],[Cantidad]]","=+Tabla2[[#This Row],[Facturación]]-Tabla2[[#This Row],[Costo total]]","=+Tabla2[[#This Row],[Ganancia]]/Tabla2[[#This Row],[Facturación]]",Buenos Aires,Online,Efectivo,Particular,mayo,2026,T2
V0012,2026-05-31 00:00:00,Lucía,C015,Teclado,Periféricos,2,40000,22000,"=+Tabla2[[#This Row],[Cantidad]]*Tabla2[[#This Row],[Precio unitario]]","=+Tabla2[[#This Row],[Costo unitario]]*Tabla2[[#This Row],[Cantidad]]","=+Tabla2[[#This Row],[Facturación]]-Tabla2[[#This Row],[Costo total]]","=+Tabla2[[#This Row],[Ganancia]]/Tabla2[[#This Row],[Facturación]]",Buenos Aires,Online,Tarjeta,Particular,mayo,2026,T2
V0013,2024-01-04 00:00:00,Lucía,C034,Auriculares,Audio,4,63000,30000,"=+Tabla2[[#This Row],[Cantidad]]*Tabla2[[#This Row],[Precio unitario]]","=+Tabla2[[#This Row],[Costo unitario]]*Tabla2[[#This Row],[Cantidad]]","=+Tabla2[[#This Row],[Facturación]]-Tabla2[[#This Row],[Costo total]]","=+Tabla2[[#This Row],[Ganancia]]/Tabla2[[#This Row],[Facturación]]",Córdoba,Online,Transferencia,PyME,enero,2024,T1
V0014,2025-09-15 00:00:00,Juan,C048,Teclado,Periféricos,2,38000,22000,"=+Tabla2[[#This Row],[Cantidad]]*Tabla2[[#This Row],[Precio unitario]]","=+Tabla2[[#This Row],[Costo unitario]]*Tabla2[[#This Row],[Cantidad]]","=+Tabla2[[#This Row],[Facturación]]-Tabla2[[#This Row],[Costo total]]","=+Tabla2[[#This Row],[Ganancia]]/Tabla2[[#This Row],[Facturación]]",Mendoza,Online,Tarjeta,Particular,septiembre,2025,T3
V0015,2024-04-24 00:00:00,Lucía,C040,Monitor,Computación,1,262500,180000,"=+Tabla2[[#This Row],[Cantidad]]*Tabla2[[#This Row],[Precio unitario]]","=+Tabla2[[#This Row],[Costo unitario]]*Tabla2[[#This Row],[Cantidad]]","=+Tabla2[[#This Row],[Facturación]]-Tabla2[[#This Row],[Costo total]]","=+Tabla2[[#This Row],[Ganancia]]/Tabla2[[#This Row],[Facturación]]",Rosario,Online,Mercado Pago,PyME,abril,2024,T2
V0016,2026-02-23 00:00:00,Juan,C061,Auriculares,Audio,1,66000,30000,"=+Tabla2[[#This Row],[Cantidad]]*Tabla2[[#This Row],[Precio unitario]]","=+Tabla2[[#This Row],[Costo unitario]]*Tabla2[[#This Row],[Cantidad]]","=+Tabla2[[#This Row],[Facturación]]-Tabla2[[#This Row],[Costo total]]","=+Tabla2[[#This Row],[Ganancia]]/Tabla2[[#This Row],[Facturación]]",Córdoba,Online,Efectivo,Empresa,febrero,2026,T1
V0017,2025-12-07 00:00:00,Juan,C040,Mouse,Periféricos,3,23800,12000,"=+Tabla2[[#This Row],[Cantidad]]*Tabla2[[#This Row],[Precio unitario]]","=+Tabla2[[#This Row],[Costo unitario]]*Tabla2[[#This Row],[Cantidad]]","=+Tabla2[[#This Row],[Facturación]]-Tabla2[[#This Row],[Costo total]]","=+Tabla2[[#This Row],[Ganancia]]/Tabla2[[#This Row],[Facturación]]",Córdoba,Presencial,Transferencia,Particular,diciembre,2025,T4
V0018,2024-12-12 00:00:00,Juan,C071,Monitor,Computación,1,250000,180000,"=+Tabla2[[#This Row],[Cantidad]]*Tabla2[[#This Row],[Precio unitario]]","=+Tabla2[[#This Row],[Costo unitario]]*Tabla2[[#This Row],[Cantidad]]","=+Tabla2[[#This Row],[Facturación]]-Tabla2[[#This Row],[Costo total]]","=+Tabla2[[#This Row],[Ganancia]]/Tabla2[[#This Row],[Facturación]]",Buenos Aires,Online,Tarjeta,Empresa,diciembre,2024,T4
V0019,2024-03-13 00:00:00,Ana,C036,Teclado,Periféricos,1,40000,22000,"=+Tabla2[[#This Row],[Cantidad]]*Tabla2[[#This Row],[Precio unitario]]","=+Tabla2[[#This Row],[Costo unitario]]*Tabla2[[#This Row],[Cantidad]]","=+Tabla2[[#This Row],[Facturación]]-Tabla2[[#This Row],[Costo total]]","=+Tabla2[[#This Row],[Ganancia]]/Tabla2[[#This Row],[Facturación]]",Buenos Aires,Presencial,Transferencia,Particular,marzo,2024,T1
V0020,2026-04-06 00:00:00,Ana,C013,Notebook,Computación,2,880000,650000,"=+Tabla2[[#This Row],[Cantidad]]*Tabla2[[#This Row],[Precio unitario]]","=+Tabla2[[#This Row],[Costo unitario]]*Tabla2[[#This Row],[Cantidad]]","=+Tabla2[[#This Row],[Facturación]]-Tabla2[[#This Row],[Costo total]]","=+Tabla2[[#This Row],[Ganancia]]/Tabla2[[#This Row],[Facturación]]",Córdoba,Online,Mercado Pago,PyME,abril,2026,T2
V0021,2024-04-10 00:00:00,Juan,C044,Teclado,Periféricos,1,40000,22000,"=+Tabla2[[#This Row],[Cantidad]]*Tabla2[[#This Row],[Precio unitario]]","=+Tabla2[[#This Row],[Costo unitario]]*Tabla2[[#This Row],[Cantidad]]","=+Tabla2[[#This Row],[Facturación]]-Tabla2[[#This Row],[Costo total]]","=+Tabla2[[#This Row],[Ganancia]]/Tabla2[[#This Row],[Facturación]]",Buenos Aires,Online,Tarjeta,Particular,abril,2024,T2
V0022,2024-09-12 00:00:00,Lucía,C010,Mouse,Periféricos,5,23800,12000,"=+Tabla2[[#This Row],[Cantidad]]*Tabla2[[#This Row],[Precio unitario]]","=+Tabla2[[#This Row],[Costo unitario]]*Tabla2[[#This Row],[Cantidad]]","=+Tabla2[[#This Row],[Facturación]]-Tabla2[[#This Row],[Costo total]]","=+Tabla2[[#This Row],[Ganancia]]/Tabla2[[#This Row],[Facturación]]",Rosario,Online,Efectivo,PyME,septiembre,2024,T3
V0023,2026-08-06 00:00:00,Pedro,C031,Monitor,Computación,2,250000,180000,"=+Tabla2[[#This Row],[Cantidad]]*Tabla2[[#This Row],[Precio unitario]]","=+Tabla2[[#This Row],[Costo unitario]]*Tabla2[[#This Row],[Cantidad]]","=+Tabla2[[#This Row],[Facturación]]-Tabla2[[#This Row],[Costo total]]","=+Tabla2[[#This Row],[Ganancia]]/Tabla2[[#This Row],[Facturación]]",Buenos Aires,Online,Tarjeta,Particular,agosto,2026,T3
V0024,2024-09-28 00:00:00,Lucía,C059,Monitor,Computación,3,250000,180000,"=+Tabla2[[#This Row],[Cantidad]]*Tabla2[[#This Row],[Precio unitario]]","=+Tabla2[[#This Row],[Costo unitario]]*Tabla2[[#This Row],[Cantidad]]","=+Tabla2[[#This Row],[Facturación]]-Tabla2[[#This Row],[Costo total]]","=+Tabla2[[#This Row],[Ganancia]]/Tabla2[[#This Row],[Facturación]]",Mendoza,Presencial,Mercado Pago,Particular,septiembre,2024,T3
V0025,2024-10-30 00:00:00,Juan,C008,Mouse,Periféricos,2,26200,12000,"=+Tabla2[[#This Row],[Cantidad]]*Tabla2[[#This Row],[Precio unitario]]","=+Tabla2[[#This Row],[Costo unitario]]*Tabla2[[#This Row],[Cantidad]]","=+Tabla2[[#This Row],[Facturación]]-Tabla2[[#This Row],[Costo total]]","=+Tabla2[[#This Row],[Ganancia]]/Tabla2[[#This Row],[Facturación]]",Mendoza,Online,Transferencia,Particular,octubre,2024,T4
V0026,2024-06-10 00:00:00,Juan,C066,Notebook,Computación,1,840000,650000,"=+Tabla2[[#This Row],[Cantidad]]*Tabla2[[#This Row],[Precio unitario]]","=+Tabla2[[#This Row],[Costo unitario]]*Tabla2[[#This Row],[Cantidad]]","=+Tabla2[[#This Row],[Facturación]]-Tabla2[[#This Row],[Costo total]]","=+Tabla2[[#This Row],[Ganancia]]/Tabla2[[#This Row],[Facturación]]",Rosario,Presencial,Tarjeta,Particular,junio,2024,T2
V0027,2024-09-09 00:00:00,Pedro,C006,Teclado,Periféricos,2,44000,22000,"=+Tabla2[[#This Row],[Cantidad]]*Tabla2[[#This Row],[Precio unitario]]","=+Tabla2[[#This Row],[Costo unitario]]*Tabla2[[#This Row],[Cantidad]]","=+Tabla2[[#This Row],[Facturación]]-Tabla2[[#This Row],[Costo total]]","=+Tabla2[[#This Row],[Ganancia]]/Tabla2[[#This Row],[Facturación]]",Rosario,Online,Efectivo,Particular,septiembre,2024,T3
V0028,2024-11-17 00:00:00,Juan,C051,Notebook,Computación,3,840000,650000,"=+Tabla2[[#This Row],[Cantidad]]*Tabla2[[#This Row],[Precio unitario]]","=+Tabla2[[#This Row],[Costo unitario]]*Tabla2[[#This Row],[Cantidad]]","=+Tabla2[[#This Row],[Facturación]]-Tabla2[[#This Row],[Costo total]]","=+Tabla2[[#This Row],[Ganancia]]/Tabla2[[#This Row],[Facturación]]",Córdoba,Presencial,Efectivo,Particular,noviembre,2024,T4
V0029,2025-07-30 00:00:00,Lucía,C010,Mouse,Periféricos,2,25000,12000,"=+Tabla2[[#This Row],[Cantidad]]*Tabla2[[#This Row],[Precio unitario]]","=+Tabla2[[#This Row],[Costo unitario]]*Tabla2[[#This Row],[Cantidad]]","=+Tabla2[[#This Row],[Facturación]]-Tabla2[[#This Row],[Costo total]]","=+Tabla2[[#This Row],[Ganancia]]/Tabla2[[#This Row],[Facturación]]",Buenos Aires,Online,Tarjeta,Particular,julio,2025,T3
V0030,2024-06-10 00:00:00,Ana,C070,Teclado,Periféricos,3,40000,22000,"=+Tabla2[[#This Row],[Cantidad]]*Tabla2[[#This Row],[Precio unitario]]","=+Tabla2[[#This Row],[Costo unitario]]*Tabla2[[#This Row],[Cantidad]]","=+Tabla2[[#This Row],[Facturación]]-Tabla2[[#This Row],[Costo total]]","=+Tabla2[[#This Row],[Ganancia]]/Tabla2[[#This Row],[Facturación]]",La Plata,Online,Tarjeta,PyME,junio,2024,T2
V0031,2026-08-12 00:00:00,Pedro,C018,Monitor,Computación,5,250000,180000,"=+Tabla2[[#This Row],[Cantidad]]*Tabla2[[#This Row],[Precio unitario]]","=+Tabla2[[#This Row],[Costo unitario]]*Tabla2[[#This Row],[Cantidad]]","=+Tabla2[[#This Row],[Facturación]]-Tabla2[[#This Row],[Costo total]]","=+Tabla2[[#This Row],[Ganancia]]/Tabla2[[#This Row],[Facturación]]",Mendoza,Online,Tarjeta,Particular,agosto,2026,T3
V0032,2024-07-27 00:00:00,Pedro,C034,Mouse,Periféricos,1,23800,12000,"=+Tabla2[[#This Row],[Cantidad]]*Tabla2[[#This Row],[Precio unitario]]","=+Tabla2[[#This Row],[Costo unitario]]*Tabla2[[#This Row],[Cantidad]]","=+Tabla2[[#This Row],[Facturación]]-Tabla2[[#This Row],[Costo total]]","=+Tabla2[[#This Row],[Ganancia]]/Tabla2[[#This Row],[Facturación]]",La Plata,Online,Mercado Pago,PyME,julio,2024,T3
V0033,2024-01-04 00:00:00,Ana,C017,Teclado,Periféricos,1,38000,22000,"=+Tabla2[[#This Row],[Cantidad]]*Tabla2[[#This Row],[Precio unitario]]","=+Tabla2[[#This Row],[Costo unitario]]*Tabla2[[#This Row],[Cantidad]]","=+Tabla2[[#This Row],[Facturación]]-Tabla2[[#This Row],[Costo total]]","=+Tabla2[[#This Row],[Ganancia]]/Tabla2[[#This Row],[Facturación]]",Mendoza,Online,Transferencia,Particular,enero,2024,T1
V0034,2026-08-25 00:00:00,Lucía,C020,Mouse,Periféricos,5,23800,12000,"=+Tabla2[[#This Row],[Cantidad]]*Tabla2[[#This Row],[Precio unitario]]","=+Tabla2[[#This Row],[Costo unitario]]*Tabla2[[#This Row],[Cantidad]]","=+Tabla2[[#This Row],[Facturación]]-Tabla2[[#This Row],[Costo total]]","=+Tabla2[[#This Row],[Ganancia]]/Tabla2[[#This Row],[Facturación]]",Rosario,Online,Tarjeta,Particular,agosto,2026,T3
V0035,2026-07-09 00:00:00,Ana,C032,Teclado,Periféricos,2,40000,22000,"=+Tabla2[[#This Row],[Cantidad]]*Tabla2[[#This Row],[Precio unitario]]","=+Tabla2[[#This Row],[Costo unitario]]*Tabla2[[#This Row],[Cantidad]]","=+Tabla2[[#This Row],[Facturación]]-Tabla2[[#This Row],[Costo total]]","=+Tabla2[[#This Row],[Ganancia]]/Tabla2[[#This Row],[Facturación]]",Rosario,Presencial,Efectivo,PyME,julio,2026,T3
V0036,2026-06-04 00:00:00,Juan,C023,Auriculares,Audio,1,66000,30000,"=+Tabla2[[#This Row],[Cantidad]]*Tabla2[[#This Row],[Precio unitario]]","=+Tabla2[[#This Row],[Costo unitario]]*Tabla2[[#This Row],[Cantidad]]","=+Tabla2[[#This Row],[Facturación]]-Tabla2[[#This Row],[Costo total]]","=+Tabla2[[#This Row],[Ganancia]]/Tabla2[[#This Row],[Facturación]]",Mendoza,Online,Efectivo,PyME,junio,2026,T2
V0037,2026-04-10 00:00:00,Juan,C021,Teclado,Periféricos,1,40000,22000,"=+Tabla2[[#This Row],[Cantidad]]*Tabla2[[#This Row],[Precio unitario]]","=+Tabla2[[#This Row],[Costo unitario]]*Tabla2[[#This Row],[Cantidad]]","=+Tabla2[[#This Row],[Facturación]]-Tabla2[[#This Row],[Costo total]]","=+Tabla2[[#This Row],[Ganancia]]/Tabla2[[#This Row],[Facturación]]",Mendoza,Presencial,Tarjeta,PyME,abril,2026,T2
V0038,2024-12-24 00:00:00,Ana,C030,Monitor,Computación,3,250000,180000,"=+Tabla2[[#This Row],[Cantidad]]*Tabla2[[#This Row],[Precio unitario]]","=+Tabla2[[#This Row],[Costo unitario]]*Tabla2[[#This Row],[Cantidad]]","=+Tabla2[[#This Row],[Facturación]]-Tabla2[[#This Row],[Costo total]]","=+Tabla2[[#This Row],[Ganancia]]/Tabla2[[#This Row],[Facturación]]",Córdoba,Online,Tarjeta,PyME,diciembre,2024,T4
V0039,2025-10-18 00:00:00,Ana,C069,Mouse,Periféricos,1,23800,12000,"=+Tabla2[[#This Row],[Cantidad]]*Tabla2[[#This Row],[Precio unitario]]","=+Tabla2[[#This Row],[Costo unitario]]*Tabla2[[#This Row],[Cantidad]]","=+Tabla2[[#This Row],[Facturación]]-Tabla2[[#This Row],[Costo total]]","=+Tabla2[[#This Row],[Ganancia]]/Tabla2[[#This Row],[Facturación]]",Mendoza,Online,Transferencia,Empresa,octubre,2025,T4
V0040,2024-04-21 00:00:00,Pedro,C045,Teclado,Periféricos,2,40000,22000,"=+Tabla2[[#This Row],[Cantidad]]*Tabla2[[#This Row],[Precio unitario]]","=+Tabla2[[#This Row],[Costo unitario]]*Tabla2[[#This Row],[Cantidad]]","=+Tabla2[[#This Row],[Facturación]]-Tabla2[[#This Row],[Costo total]]","=+Tabla2[[#This Row],[Ganancia]]/Tabla2[[#This Row],[Facturación]]",Rosario,Online,Transferencia,PyME,abril,2024,T2
V0041,2024-02-15 00:00:00,Pedro,C001,Mouse,Periféricos,4,25000,12000,"=+Tabla2[[#This Row],[Cantidad]]*Tabla2[[#This Row],[Precio unitario]]","=+Tabla2[[#This Row],[Costo unitario]]*Tabla2[[#This Row],[Cantidad]]","=+Tabla2[[#This Row],[Facturación]]-Tabla2[[#This Row],[Costo total]]","=+Tabla2[[#This Row],[Ganancia]]/Tabla2[[#This Row],[Facturación]]",Rosario,Presencial,Mercado Pago,Particular,febrero,2024,T1
V0042,2024-03-12 00:00:00,Lucía,C043,Teclado,Periféricos,3,40000,22000,"=+Tabla2[[#This Row],[Cantidad]]*Tabla2[[#This Row],[Precio unitario]]","=+Tabla2[[#This Row],[Costo unitario]]*Tabla2[[#This Row],[Cantidad]]","=+Tabla2[[#This Row],[Facturación]]-Tabla2[[#This Row],[Costo total]]","=+Tabla2[[#This Row],[Ganancia]]/Tabla2[[#This Row],[Facturación]]",Buenos Aires,Presencial,Transferencia,PyME,marzo,2024,T1
V0043,2025-02-16 00:00:00,Pedro,C071,Notebook,Computación,2,800000,650000,"=+Tabla2[[#This Row],[Cantidad]]*Tabla2[[#This Row],[Precio unitario]]","=+Tabla2[[#This Row],[Costo unitario]]*Tabla2[[#This Row],[Cantidad]]","=+Tabla2[[#This Row],[Facturación]]-Tabla2[[#This Row],[Costo total]]","=+Tabla2[[#This Row],[Ganancia]]/Tabla2[[#This Row],[Facturación]]",La Plata,Presencial,Efectivo,PyME,febrero,2025,T1
V0044,2025-02-19 00:00:00,Pedro,C001,Monitor,Computación,1,275000,180000,"=+Tabla2[[#This Row],[Cantidad]]*Tabla2[[#This Row],[Precio unitario]]","=+Tabla2[[#This Row],[Costo unitario]]*Tabla2[[#This Row],[Cantidad]]","=+Tabla2[[#This Row],[Facturación]]-Tabla2[[#This Row],[Costo total]]","=+Tabla2[[#This Row],[Ganancia]]/Tabla2[[#This Row],[Facturación]]",Mendoza,Online,Tarjeta,Particular,febrero,2025,T1
V0045,2024-08-06 00:00:00,Ana,C022,Teclado,Periféricos,1,40000,22000,"=+Tabla2[[#This Row],[Cantidad]]*Tabla2[[#This Row],[Precio unitario]]","=+Tabla2[[#This Row],[Costo unitario]]*Tabla2[[#This Row],[Cantidad]]","=+Tabla2[[#This Row],[Facturación]]-Tabla2[[#This Row],[Costo total]]","=+Tabla2[[#This Row],[Ganancia]]/Tabla2[[#This Row],[Facturación]]",Rosario,Online,Tarjeta,Empresa,agosto,2024,T3
V0046,2025-11-19 00:00:00,Ana,C026,Monitor,Computación,1,275000,180000,"=+Tabla2[[#This Row],[Cantidad]]*Tabla2[[#This Row],[Precio unitario]]","=+Tabla2[[#This Row],[Costo unitario]]*Tabla2[[#This Row],[Cantidad]]","=+Tabla2[[#This Row],[Facturación]]-Tabla2[[#This Row],[Costo total]]","=+Tabla2[[#This Row],[Ganancia]]/Tabla2[[#This Row],[Facturación]]",La Plata,Online,Mercado Pago,Particular,noviembre,2025,T4
V0047,2025-08-12 00:00:00,Juan,C050,Mouse,Periféricos,1,23800,12000,"=+Tabla2[[#This Row],[Cantidad]]*Tabla2[[#This Row],[Precio unitario]]","=+Tabla2[[#This Row],[Costo unitario]]*Tabla2[[#This Row],[Cantidad]]","=+Tabla2[[#This Row],[Facturación]]-Tabla2[[#This Row],[Costo total]]","=+Tabla2[[#This Row],[Ganancia]]/Tabla2[[#This Row],[Facturación]]",Rosario,Online,Mercado Pago,PyME,agosto,2025,T3
V0048,2026-03-08 00:00:00,Ana,C023,Teclado,Periféricos,3,40000,22000,"=+Tabla2[[#This Row],[Cantidad]]*Tabla2[[#This Row],[Precio unitario]]","=+Tabla2[[#This Row],[Costo unitario]]*Tabla2[[#This Row],[Cantidad]]","=+Tabla2[[#This Row],[Facturación]]-Tabla2[[#This Row],[Costo total]]","=+Tabla2[[#This Row],[Ganancia]]/Tabla2[[#This Row],[Facturación]]",Córdoba,Online,Efectivo,Particular,marzo,2026,T1
V0049,2026-03-31 00:00:00,Ana,C068,Auriculares,Audio,3,63000,30000,"=+Tabla2[[#This Row],[Cantidad]]*Tabla2[[#This Row],[Precio unitario]]","=+Tabla2[[#This Row],[Costo unitario]]*Tabla2[[#This Row],[Cantidad]]","=+Tabla2[[#This Row],[Facturación]]-Tabla2[[#This Row],[Costo total]]","=+Tabla2[[#This Row],[Ganancia]]/Tabla2[[#This Row],[Facturación]]",La Plata,Presencial,Transferencia,PyME,marzo,2026,T1
V0050,2025-03-12 00:00:00,Lucía,C071,Mouse,Periféricos,1,25000,12000,"=+Tabla2[[#This Row],[Cantidad]]*Tabla2[[#This Row],[Precio unitario]]","=+Tabla2[[#This Row],[Costo unitario]]*Tabla2[[#This Row],[Cantidad]]","=+Tabla2[[#This Row],[Facturación]]-Tabla2[[#This Row],[Costo total]]","=+Tabla2[[#This Row],[Ganancia]]/Tabla2[[#This Row],[Facturación]]",Mendoza,Online,Mercado Pago,PyME,marzo,2025,T1
V0051,2026-02-23 00:00:00,Lucía,C063,Teclado,Periféricos,1,42000,22000,"=+Tabla2[[#This Row],[Cantidad]]*Tabla2[[#This Row],[Precio unitario]]","=+Tabla2[[#This Row],[Costo unitario]]*Tabla2[[#This Row],[Cantidad]]","=+Tabla2[[#This Row],[Facturación]]-Tabla2[[#This Row],[Costo total]]","=+Tabla2[[#This Row],[Ganancia]]/Tabla2[[#This Row],[Facturación]]",Buenos Aires,Online,Tarjeta,Particular,febrero,2026,T1
V0052,2024-03-23 00:00:00,Juan,C030,Mouse,Periféricos,1,23800,12000,"=+Tabla2[[#This Row],[Cantidad]]*Tabla2[[#This Row],[Precio unitario]]","=+Tabla2[[#This Row],[Costo unitario]]*Tabla2[[#This Row],[Cantidad]]","=+Tabla2[[#This Row],[Facturación]]-Tabla2[[#This Row],[Costo total]]","=+Tabla2[[#This Row],[Ganancia]]/Tabla2[[#This Row],[Facturación]]",Buenos Aires,Online,Tarjeta,Particular,marzo,2024,T1
V0053,2024-07-30 00:00:00,Lucía,C050,Auriculares,Audio,3,57000,30000,"=+Tabla2[[#This Row],[Cantidad]]*Tabla2[[#This Row],[Precio unitario]]","=+Tabla2[[#This Row],[Costo unitario]]*Tabla2[[#This Row],[Cantidad]]","=+Tabla2[[#This Row],[Facturación]]-Tabla2[[#This Row],[Costo total]]","=+Tabla2[[#This Row],[Ganancia]]/Tabla2[[#This Row],[Facturación]]",Rosario,Presencial,Mercado Pago,Particular,julio,2024,T3
V0054,2026-08-23 00:00:00,Ana,C050,Auriculares,Audio,8,60000,30000,"=+Tabla2[[#This Row],[Cantidad]]*Tabla2[[#This Row],[Precio unitario]]","=+Tabla2[[#This Row],[Costo unitario]]*Tabla2[[#This Row],[Cantidad]]","=+Tabla2[[#This Row],[Facturación]]-Tabla2[[#This Row],[Costo total]]","=+Tabla2[[#This Row],[Ganancia]]/Tabla2[[#This Row],[Facturación]]",Córdoba,Presencial,Transferencia,PyME,agosto,2026,T3
V0055,2025-05-14 00:00:00,Juan,C056,Mouse,Periféricos,2,25000,12000,"=+Tabla2[[#This Row],[Cantidad]]*Tabla2[[#This Row],[Precio unitario]]","=+Tabla2[[#This Row],[Costo unitario]]*Tabla2[[#This Row],[Cantidad]]","=+Tabla2[[#This Row],[Facturación]]-Tabla2[[#This Row],[Costo total]]","=+Tabla2[[#This Row],[Ganancia]]/Tabla2[[#This Row],[Facturación]]",Rosario,Presencial,Mercado Pago,PyME,mayo,2025,T2
V0056,2025-09-29 00:00:00,Pedro,C051,Teclado,Periféricos,3,40000,22000,"=+Tabla2[[#This Row],[Cantidad]]*Tabla2[[#This Row],[Precio unitario]]","=+Tabla2[[#This Row],[Costo unitario]]*Tabla2[[#This Row],[Cantidad]]","=+Tabla2[[#This Row],[Facturación]]-Tabla2[[#This Row],[Costo total]]","=+Tabla2[[#This Row],[Ganancia]]/Tabla2[[#This Row],[Facturación]]",Buenos Aires,Online,Mercado Pago,Particular,septiembre,2025,T3
V0057,2025-01-23 00:00:00,Ana,C059,Mouse,Periféricos,4,23800,12000,"=+Tabla2[[#This Row],[Cantidad]]*Tabla2[[#This Row],[Precio unitario]]","=+Tabla2[[#This Row],[Costo unitario]]*Tabla2[[#This Row],[Cantidad]]","=+Tabla2[[#This Row],[Facturación]]-Tabla2[[#This Row],[Costo total]]","=+Tabla2[[#This Row],[Ganancia]]/Tabla2[[#This Row],[Facturación]]",Córdoba,Presencial,Mercado Pago,Particular,enero,2025,T1
V0058,2025-04-26 00:00:00,Juan,C070,Notebook,Computación,8,760000,650000,"=+Tabla2[[#This Row],[Cantidad]]*Tabla2[[#This Row],[Precio unitario]]","=+Tabla2[[#This Row],[Costo unitario]]*Tabla2[[#This Row],[Cantidad]]","=+Tabla2[[#This Row],[Facturación]]-Tabla2[[#This Row],[Costo total]]","=+Tabla2[[#This Row],[Ganancia]]/Tabla2[[#This Row],[Facturación]]",Buenos Aires,Online,Efectivo,Particular,abril,2025,T2
V0059,2026-08-30 00:00:00,Juan,C003,Teclado,Periféricos,1,40000,22000,"=+Tabla2[[#This Row],[Cantidad]]*Tabla2[[#This Row],[Precio unitario]]","=+Tabla2[[#This Row],[Costo unitario]]*Tabla2[[#This Row],[Cantidad]]","=+Tabla2[[#This Row],[Facturación]]-Tabla2[[#This Row],[Costo total]]","=+Tabla2[[#This Row],[Ganancia]]/Tabla2[[#This Row],[Facturación]]",Córdoba,Online,Efectivo,Particular,agosto,2026,T3
V0060,2026-02-24 00:00:00,Ana,C078,Teclado,Periféricos,4,38000,22000,"=+Tabla2[[#This Row],[Cantidad]]*Tabla2[[#This Row],[Precio unitario]]","=+Tabla2[[#This Row],[Costo unitario]]*Tabla2[[#This Row],[Cantidad]]","=+Tabla2[[#This Row],[Facturación]]-Tabla2[[#This Row],[Costo total]]","=+Tabla2[[#This Row],[Ganancia]]/Tabla2[[#This Row],[Facturación]]",Buenos Aires,Presencial,Efectivo,Particular,febrero,2026,T1
V0061,2026-08-09 00:00:00,Ana,C049,Mouse,Periféricos,3,25000,12000,"=+Tabla2[[#This Row],[Cantidad]]*Tabla2[[#This Row],[Precio unitario]]","=+Tabla2[[#This Row],[Costo unitario]]*Tabla2[[#This Row],[Cantidad]]","=+Tabla2[[#This Row],[Facturación]]-Tabla2[[#This Row],[Costo total]]","=+Tabla2[[#This Row],[Ganancia]]/Tabla2[[#This Row],[Facturación]]",Buenos Aires,Presencial,Transferencia,Particular,agosto,2026,T3
V0062,2026-05-20 00:00:00,Pedro,C016,Teclado,Periféricos,3,44000,22000,"=+Tabla2[[#This Row],[Cantidad]]*Tabla2[[#This Row],[Precio unitario]]","=+Tabla2[[#This Row],[Costo unitario]]*Tabla2[[#This Row],[Cantidad]]","=+Tabla2[[#This Row],[Facturación]]-Tabla2[[#This Row],[Costo total]]","=+Tabla2[[#This Row],[Ganancia]]/Tabla2[[#This Row],[Facturación]]",Buenos Aires,Online,Mercado Pago,Particular,mayo,2026,T2
V0063,2024-12-15 00:00:00,Juan,C054,Auriculares,Audio,1,60000,30000,"=+Tabla2[[#This Row],[Cantidad]]*Tabla2[[#This Row],[Precio unitario]]","=+Tabla2[[#This Row],[Costo unitario]]*Tabla2[[#This Row],[Cantidad]]","=+Tabla2[[#This Row],[Facturación]]-Tabla2[[#This Row],[Costo total]]","=+Tabla2[[#This Row],[Ganancia]]/Tabla2[[#This Row],[Facturación]]",La Plata,Online,Mercado Pago,PyME,diciembre,2024,T4
V0064,2024-06-29 00:00:00,Pedro,C035,Teclado,Periféricos,6,40000,22000,"=+Tabla2[[#This Row],[Cantidad]]*Tabla2[[#This Row],[Precio unitario]]","=+Tabla2[[#This Row],[Costo unitario]]*Tabla2[[#This Row],[Cantidad]]","=+Tabla2[[#This Row],[Facturación]]-Tabla2[[#This Row],[Costo total]]","=+Tabla2[[#This Row],[Ganancia]]/Tabla2[[#This Row],[Facturación]]",Mendoza,Online,Mercado Pago,PyME,junio,2024,T2
V0065,2026-05-22 00:00:00,Juan,C012,Monitor,Computación,2,250000,180000,"=+Tabla2[[#This Row],[Cantidad]]*Tabla2[[#This Row],[Precio unitario]]","=+Tabla2[[#This Row],[Costo unitario]]*Tabla2[[#This Row],[Cantidad]]","=+Tabla2[[#This Row],[Facturación]]-Tabla2[[#This Row],[Costo total]]","=+Tabla2[[#This Row],[Ganancia]]/Tabla2[[#This Row],[Facturación]]",Mendoza,Online,Mercado Pago,Particular,mayo,2026,T2
V0066,2026-05-21 00:00:00,Ana,C063,Monitor,Computación,4,237500,180000,"=+Tabla2[[#This Row],[Cantidad]]*Tabla2[[#This Row],[Precio unitario]]","=+Tabla2[[#This Row],[Costo unitario]]*Tabla2[[#This Row],[Cantidad]]","=+Tabla2[[#This Row],[Facturación]]-Tabla2[[#This Row],[Costo total]]","=+Tabla2[[#This Row],[Ganancia]]/Tabla2[[#This Row],[Facturación]]",Córdoba,Presencial,Mercado Pago,Particular,mayo,2026,T2
V0067,2025-06-13 00:00:00,Lucía,C011,Monitor,Computación,2,250000,180000,"=+Tabla2[[#This Row],[Cantidad]]*Tabla2[[#This Row],[Precio unitario]]","=+Tabla2[[#This Row],[Costo unitario]]*Tabla2[[#This Row],[Cantidad]]","=+Tabla2[[#This Row],[Facturación]]-Tabla2[[#This Row],[Costo total]]","=+Tabla2[[#This Row],[Ganancia]]/Tabla2[[#This Row],[Facturación]]",Rosario,Online,Transferencia,PyME,junio,2025,T2
V0068,2026-03-22 00:00:00,Juan,C038,Monitor,Computación,3,250000,180000,"=+Tabla2[[#This Row],[Cantidad]]*Tabla2[[#This Row],[Precio unitario]]","=+Tabla2[[#This Row],[Costo unitario]]*Tabla2[[#This Row],[Cantidad]]","=+Tabla2[[#This Row],[Facturación]]-Tabla2[[#This Row],[Costo total]]","=+Tabla2[[#This Row],[Ganancia]]/Tabla2[[#This Row],[Facturación]]",Buenos Aires,Online,Transferencia,Particular,marzo,2026,T1
V0069,2026-02-02 00:00:00,Pedro,C046,Teclado,Periféricos,1,42000,22000,"=+Tabla2[[#This Row],[Cantidad]]*Tabla2[[#This Row],[Precio unitario]]","=+Tabla2[[#This Row],[Costo unitario]]*Tabla2[[#This Row],[Cantidad]]","=+Tabla2[[#This Row],[Facturación]]-Tabla2[[#This Row],[Costo total]]","=+Tabla2[[#This Row],[Ganancia]]/Tabla2[[#This Row],[Facturación]]",Buenos Aires,Online,Tarjeta,Particular,febrero,2026,T1
V0070,2026-08-31 00:00:00,Lucía,C024,Monitor,Computación,4,237500,180000,"=+Tabla2[[#This Row],[Cantidad]]*Tabla2[[#This Row],[Precio unitario]]","=+Tabla2[[#This Row],[Costo unitario]]*Tabla2[[#This Row],[Cantidad]]","=+Tabla2[[#This Row],[Facturación]]-Tabla2[[#This Row],[Costo total]]","=+Tabla2[[#This Row],[Ganancia]]/Tabla2[[#This Row],[Facturación]]",Buenos Aires,Online,Mercado Pago,PyME,agosto,2026,T3
V0071,2026-05-02 00:00:00,Juan,C030,Mouse,Periféricos,2,25000,12000,"=+Tabla2[[#This Row],[Cantidad]]*Tabla2[[#This Row],[Precio unitario]]","=+Tabla2[[#This Row],[Costo unitario]]*Tabla2[[#This Row],[Cantidad]]","=+Tabla2[[#This Row],[Facturación]]-Tabla2[[#This Row],[Costo total]]","=+Tabla2[[#This Row],[Ganancia]]/Tabla2[[#This Row],[Facturación]]",Rosario,Online,Tarjeta,Particular,mayo,2026,T2
V0072,2025-12-15 00:00:00,Lucía,C063,Notebook,Computación,1,800000,650000,"=+Tabla2[[#This Row],[Cantidad]]*Tabla2[[#This Row],[Precio unitario]]","=+Tabla2[[#This Row],[Costo unitario]]*Tabla2[[#This Row],[Cantidad]]","=+Tabla2[[#This Row],[Facturación]]-Tabla2[[#This Row],[Costo total]]","=+Tabla2[[#This Row],[Ganancia]]/Tabla2[[#This Row],[Facturación]]",Buenos Aires,Online,Tarjeta,Empresa,diciembre,2025,T4
V0073,2026-08-21 00:00:00,Lucía,C015,Auriculares,Audio,2,63000,30000,"=+Tabla2[[#This Row],[Cantidad]]*Tabla2[[#This Row],[Precio unitario]]","=+Tabla2[[#This Row],[Costo unitario]]*Tabla2[[#This Row],[Cantidad]]","=+Tabla2[[#This Row],[Facturación]]-Tabla2[[#This Row],[Costo total]]","=+Tabla2[[#This Row],[Ganancia]]/Tabla2[[#This Row],[Facturación]]",Buenos Aires,Online,Tarjeta,Particular,agosto,2026,T3
V0074,2026-08-29 00:00:00,Ana,C032,Notebook,Computación,4,800000,650000,"=+Tabla2[[#This Row],[Cantidad]]*Tabla2[[#This Row],[Precio unitario]]","=+Tabla2[[#This Row],[Costo unitario]]*Tabla2[[#This Row],[Cantidad]]","=+Tabla2[[#This Row],[Facturación]]-Tabla2[[#This Row],[Costo total]]","=+Tabla2[[#This Row],[Ganancia]]/Tabla2[[#This Row],[Facturación]]",Rosario,Presencial,Tarjeta,Particular,agosto,2026,T3
V0075,2026-07-19 00:00:00,Ana,C076,Auriculares,Audio,2,60000,30000,"=+Tabla2[[#This Row],[Cantidad]]*Tabla2[[#This Row],[Precio unitario]]","=+Tabla2[[#This Row],[Costo unitario]]*Tabla2[[#This Row],[Cantidad]]","=+Tabla2[[#This Row],[Facturación]]-Tabla2[[#This Row],[Costo total]]","=+Tabla2[[#This Row],[Ganancia]]/Tabla2[[#This Row],[Facturación]]",Rosario,Online,Mercado Pago,Empresa,julio,2026,T3
V0076,2025-10-02 00:00:00,Juan,C011,Monitor,Computación,1,250000,180000,"=+Tabla2[[#This Row],[Cantidad]]*Tabla2[[#This Row],[Precio unitario]]","=+Tabla2[[#This Row],[Costo unitario]]*Tabla2[[#This Row],[Cantidad]]","=+Tabla2[[#This Row],[Facturación]]-Tabla2[[#This Row],[Costo total]]","=+Tabla2[[#This Row],[Ganancia]]/Tabla2[[#This Row],[Facturación]]",Buenos Aires,Online,Transferencia,PyME,octubre,2025,T4
V0077,2024-02-03 00:00:00,Juan,C037,Teclado,Periféricos,2,44000,22000,"=+Tabla2[[#This Row],[Cantidad]]*Tabla2[[#This Row],[Precio unitario]]","=+Tabla2[[#This Row],[Costo unitario]]*Tabla2[[#This Row],[Cantidad]]","=+Tabla2[[#This Row],[Facturación]]-Tabla2[[#This Row],[Costo total]]","=+Tabla2[[#This Row],[Ganancia]]/Tabla2[[#This Row],[Facturación]]",Rosario,Presencial,Mercado Pago,PyME,febrero,2024,T1
V0078,2026-04-03 00:00:00,Lucía,C055,Notebook,Computación,1,800000,650000,"=+Tabla2[[#This Row],[Cantidad]]*Tabla2[[#This Row],[Precio unitario]]","=+Tabla2[[#This Row],[Costo unitario]]*Tabla2[[#This Row],[Cantidad]]","=+Tabla2[[#This Row],[Facturación]]-Tabla2[[#This Row],[Costo total]]","=+Tabla2[[#This Row],[Ganancia]]/Tabla2[[#This Row],[Facturación]]",Buenos Aires,Online,Tarjeta,Particular,abril,2026,T2
V0079,2025-09-01 00:00:00,Pedro,C073,Auriculares,Audio,2,63000,30000,"=+Tabla2[[#This Row],[Cantidad]]*Tabla2[[#This Row],[Precio unitario]]","=+Tabla2[[#This Row],[Costo unitario]]*Tabla2[[#This Row],[Cantidad]]","=+Tabla2[[#This Row],[Facturación]]-Tabla2[[#This Row],[Costo total]]","=+Tabla2[[#This Row],[Ganancia]]/Tabla2[[#This Row],[Facturación]]",Córdoba,Online,Transferencia,Particular,septiembre,2025,T3
V0080,2025-05-20 00:00:00,Ana,C077,Notebook,Computación,2,840000,650000,"=+Tabla2[[#This Row],[Cantidad]]*Tabla2[[#This Row],[Precio unitario]]","=+Tabla2[[#This Row],[Costo unitario]]*Tabla2[[#This Row],[Cantidad]]","=+Tabla2[[#This Row],[Facturación]]-Tabla2[[#This Row],[Costo total]]","=+Tabla2[[#This Row],[Ganancia]]/Tabla2[[#This Row],[Facturación]]",Buenos Aires,Online,Tarjeta,Empresa,mayo,2025,T2
V0081,2025-08-24 00:00:00,Lucía,C035,Mouse,Periféricos,4,26200,12000,"=+Tabla2[[#This Row],[Cantidad]]*Tabla2[[#This Row],[Precio unitario]]","=+Tabla2[[#This Row],[Costo unitario]]*Tabla2[[#This Row],[Cantidad]]","=+Tabla2[[#This Row],[Facturación]]-Tabla2[[#This Row],[Costo total]]","=+Tabla2[[#This Row],[Ganancia]]/Tabla2[[#This Row],[Facturación]]",Buenos Aires,Online,Transferencia,Particular,agosto,2025,T3
V0082,2025-03-22 00:00:00,Pedro,C063,Auriculares,Audio,2,60000,30000,"=+Tabla2[[#This Row],[Cantidad]]*Tabla2[[#This Row],[Precio unitario]]","=+Tabla2[[#This Row],[Costo unitario]]*Tabla2[[#This Row],[Cantidad]]","=+Tabla2[[#This Row],[Facturación]]-Tabla2[[#This Row],[Costo total]]","=+Tabla2[[#This Row],[Ganancia]]/Tabla2[[#This Row],[Facturación]]",Córdoba,Online,Tarjeta,Particular,marzo,2025,T1
V0083,2025-12-11 00:00:00,Ana,C052,Teclado,Periféricos,3,40000,22000,"=+Tabla2[[#This Row],[Cantidad]]*Tabla2[[#This Row],[Precio unitario]]","=+Tabla2[[#This Row],[Costo unitario]]*Tabla2[[#This Row],[Cantidad]]","=+Tabla2[[#This Row],[Facturación]]-Tabla2[[#This Row],[Costo total]]","=+Tabla2[[#This Row],[Ganancia]]/Tabla2[[#This Row],[Facturación]]",Córdoba,Online,Tarjeta,Empresa,diciembre,2025,T4
V0084,2026-06-04 00:00:00,Ana,C001,Teclado,Periféricos,2,44000,22000,"=+Tabla2[[#This Row],[Cantidad]]*Tabla2[[#This Row],[Precio unitario]]","=+Tabla2[[#This Row],[Costo unitario]]*Tabla2[[#This Row],[Cantidad]]","=+Tabla2[[#This Row],[Facturación]]-Tabla2[[#This Row],[Costo total]]","=+Tabla2[[#This Row],[Ganancia]]/Tabla2[[#This Row],[Facturación]]",Córdoba,Online,Transferencia,PyME,junio,2026,T2
V0085,2025-03-28 00:00:00,Pedro,C027,Monitor,Computación,1,275000,180000,"=+Tabla2[[#This Row],[Cantidad]]*Tabla2[[#This Row],[Precio unitario]]","=+Tabla2[[#This Row],[Costo unitario]]*Tabla2[[#This Row],[Cantidad]]","=+Tabla2[[#This Row],[Facturación]]-Tabla2[[#This Row],[Costo total]]","=+Tabla2[[#This Row],[Ganancia]]/Tabla2[[#This Row],[Facturación]]",Buenos Aires,Presencial,Transferencia,Particular,marzo,2025,T1
V0086,2025-09-15 00:00:00,Lucía,C021,Monitor,Computación,1,237500,180000,"=+Tabla2[[#This Row],[Cantidad]]*Tabla2[[#This Row],[Precio unitario]]","=+Tabla2[[#This Row],[Costo unitario]]*Tabla2[[#This Row],[Cantidad]]","=+Tabla2[[#This Row],[Facturación]]-Tabla2[[#This Row],[Costo total]]","=+Tabla2[[#This Row],[Ganancia]]/Tabla2[[#This Row],[Facturación]]",Córdoba,Online,Mercado Pago,Particular,septiembre,2025,T3
V0087,2025-10-25 00:00:00,Lucía,C064,Auriculares,Audio,1,60000,30000,"=+Tabla2[[#This Row],[Cantidad]]*Tabla2[[#This Row],[Precio unitario]]","=+Tabla2[[#This Row],[Costo unitario]]*Tabla2[[#This Row],[Cantidad]]","=+Tabla2[[#This Row],[Facturación]]-Tabla2[[#This Row],[Costo total]]","=+Tabla2[[#This Row],[Ganancia]]/Tabla2[[#This Row],[Facturación]]",Rosario,Online,Transferencia,Particular,octubre,2025,T4
V0088,2025-07-18 00:00:00,Juan,C025,Auriculares,Audio,2,60000,30000,"=+Tabla2[[#This Row],[Cantidad]]*Tabla2[[#This Row],[Precio unitario]]","=+Tabla2[[#This Row],[Costo unitario]]*Tabla2[[#This Row],[Cantidad]]","=+Tabla2[[#This Row],[Facturación]]-Tabla2[[#This Row],[Costo total]]","=+Tabla2[[#This Row],[Ganancia]]/Tabla2[[#This Row],[Facturación]]",Mendoza,Presencial,Tarjeta,PyME,julio,2025,T3
V0089,2024-12-14 00:00:00,Lucía,C065,Monitor,Computación,1,250000,180000,"=+Tabla2[[#This Row],[Cantidad]]*Tabla2[[#This Row],[Precio unitario]]","=+Tabla2[[#This Row],[Costo unitario]]*Tabla2[[#This Row],[Cantidad]]","=+Tabla2[[#This Row],[Facturación]]-Tabla2[[#This Row],[Costo total]]","=+Tabla2[[#This Row],[Ganancia]]/Tabla2[[#This Row],[Facturación]]",Mendoza,Presencial,Transferencia,PyME,diciembre,2024,T4
V0090,2025-04-02 00:00:00,Pedro,C045,Mouse,Periféricos,4,25000,12000,"=+Tabla2[[#This Row],[Cantidad]]*Tabla2[[#This Row],[Precio unitario]]","=+Tabla2[[#This Row],[Costo unitario]]*Tabla2[[#This Row],[Cantidad]]","=+Tabla2[[#This Row],[Facturación]]-Tabla2[[#This Row],[Costo total]]","=+Tabla2[[#This Row],[Ganancia]]/Tabla2[[#This Row],[Facturación]]",Córdoba,Presencial,Mercado Pago,Empresa,abril,2025,T2
V0091,2025-08-08 00:00:00,Ana,C053,Notebook,Computación,4,880000,650000,"=+Tabla2[[#This Row],[Cantidad]]*Tabla2[[#This Row],[Precio unitario]]","=+Tabla2[[#This Row],[Costo unitario]]*Tabla2[[#This Row],[Cantidad]]","=+Tabla2[[#This Row],[Facturación]]-Tabla2[[#This Row],[Costo total]]","=+Tabla2[[#This Row],[Ganancia]]/Tabla2[[#This Row],[Facturación]]",Rosario,Presencial,Transferencia,PyME,agosto,2025,T3
V0092,2024-06-04 00:00:00,Ana,C005,Notebook,Computación,8,800000,650000,"=+Tabla2[[#This Row],[Cantidad]]*Tabla2[[#This Row],[Precio unitario]]","=+Tabla2[[#This Row],[Costo unitario]]*Tabla2[[#This Row],[Cantidad]]","=+Tabla2[[#This Row],[Facturación]]-Tabla2[[#This Row],[Costo total]]","=+Tabla2[[#This Row],[Ganancia]]/Tabla2[[#This Row],[Facturación]]",Buenos Aires,Online,Mercado Pago,Particular,junio,2024,T2
V0093,2024-01-16 00:00:00,Pedro,C053,Auriculares,Audio,8,60000,30000,"=+Tabla2[[#This Row],[Cantidad]]*Tabla2[[#This Row],[Precio unitario]]","=+Tabla2[[#This Row],[Costo unitario]]*Tabla2[[#This Row],[Cantidad]]","=+Tabla2[[#This Row],[Facturación]]-Tabla2[[#This Row],[Costo total]]","=+Tabla2[[#This Row],[Ganancia]]/Tabla2[[#This Row],[Facturación]]",Buenos Aires,Presencial,Tarjeta,PyME,enero,2024,T1
V0094,2025-10-27 00:00:00,Juan,C043,Auriculares,Audio,5,63000,30000,"=+Tabla2[[#This Row],[Cantidad]]*Tabla2[[#This Row],[Precio unitario]]","=+Tabla2[[#This Row],[Costo unitario]]*Tabla2[[#This Row],[Cantidad]]","=+Tabla2[[#This Row],[Facturación]]-Tabla2[[#This Row],[Costo total]]","=+Tabla2[[#This Row],[Ganancia]]/Tabla2[[#This Row],[Facturación]]",Córdoba,Online,Mercado Pago,PyME,octubre,2025,T4
V0095,2024-02-06 00:00:00,Pedro,C031,Teclado,Periféricos,6,44000,22000,"=+Tabla2[[#This Row],[Cantidad]]*Tabla2[[#This Row],[Precio unitario]]","=+Tabla2[[#This Row],[Costo unitario]]*Tabla2[[#This Row],[Cantidad]]","=+Tabla2[[#This Row],[Facturación]]-Tabla2[[#This Row],[Costo total]]","=+Tabla2[[#This Row],[Ganancia]]/Tabla2[[#This Row],[Facturación]]",La Plata,Presencial,Transferencia,Particular,febrero,2024,T1
V0096,2025-12-21 00:00:00,Lucía,C057,Monitor,Computación,1,250000,180000,"=+Tabla2[[#This Row],[Cantidad]]*Tabla2[[#This Row],[Precio unitario]]","=+Tabla2[[#This Row],[Costo unitario]]*Tabla2[[#This Row],[Cantidad]]","=+Tabla2[[#This Row],[Facturación]]-Tabla2[[#This Row],[Costo total]]","=+Tabla2[[#This Row],[Ganancia]]/Tabla2[[#This Row],[Facturación]]",Buenos Aires,Online,Tarjeta,Particular,diciembre,2025,T4
V0097,2024-05-29 00:00:00,Juan,C053,Mouse,Periféricos,4,25000,12000,"=+Tabla2[[#This Row],[Cantidad]]*Tabla2[[#This Row],[Precio unitario]]","=+Tabla2[[#This Row],[Costo unitario]]*Tabla2[[#This Row],[Cantidad]]","=+Tabla2[[#This Row],[Facturación]]-Tabla2[[#This Row],[Costo total]]","=+Tabla2[[#This Row],[Ganancia]]/Tabla2[[#This Row],[Facturación]]",Buenos Aires,Online,Mercado Pago,PyME,mayo,2024,T2
V0098,2025-05-24 00:00:00,Lucía,C019,Monitor,Computación,3,250000,180000,"=+Tabla2[[#This Row],[Cantidad]]*Tabla2[[#This Row],[Precio unitario]]","=+Tabla2[[#This Row],[Costo unitario]]*Tabla2[[#This Row],[Cantidad]]","=+Tabla2[[#This Row],[Facturación]]-Tabla2[[#This Row],[Costo total]]","=+Tabla2[[#This Row],[Ganancia]]/Tabla2[[#This Row],[Facturación]]",Córdoba,Online,Efectivo,Particular,mayo,2025,T2
V0099,2025-11-24 00:00:00,Pedro,C010,Mouse,Periféricos,2,25000,12000,"=+Tabla2[[#This Row],[Cantidad]]*Tabla2[[#This Row],[Precio unitario]]","=+Tabla2[[#This Row],[Costo unitario]]*Tabla2[[#This Row],[Cantidad]]","=+Tabla2[[#This Row],[Facturación]]-Tabla2[[#This Row],[Costo total]]","=+Tabla2[[#This Row],[Ganancia]]/Tabla2[[#This Row],[Facturación]]",Rosario,Online,Transferencia,Particular,noviembre,2025,T4
V0100,2024-07-22 00:00:00,Lucía,C062,Notebook,Computación,2,880000,650000,"=+Tabla2[[#This Row],[Cantidad]]*Tabla2[[#This Row],[Precio unitario]]","=+Tabla2[[#This Row],[Costo unitario]]*Tabla2[[#This Row],[Cantidad]]","=+Tabla2[[#This Row],[Facturación]]-Tabla2[[#This Row],[Costo total]]","=+Tabla2[[#This Row],[Ganancia]]/Tabla2[[#This Row],[Facturación]]",Córdoba,Online,Mercado Pago,Particular,julio,2024,T3
V0101,2025-02-14 00:00:00,Juan,C008,Notebook,Computación,1,800000,650000,"=+Tabla2[[#This Row],[Cantidad]]*Tabla2[[#This Row],[Precio unitario]]","=+Tabla2[[#This Row],[Costo unitario]]*Tabla2[[#This Row],[Cantidad]]","=+Tabla2[[#This Row],[Facturación]]-Tabla2[[#This Row],[Costo total]]","=+Tabla2[[#This Row],[Ganancia]]/Tabla2[[#This Row],[Facturación]]",Buenos Aires,Online,Tarjeta,Empresa,febrero,2025,1
V0102,2025-02-18 00:00:00,Ana,C014,Mouse,Periféricos,3,25000,12000,"=+Tabla2[[#This Row],[Cantidad]]*Tabla2[[#This Row],[Precio unitario]]","=+Tabla2[[#This Row],[Costo unitario]]*Tabla2[[#This Row],[Cantidad]]","=+Tabla2[[#This Row],[Facturación]]-Tabla2[[#This Row],[Costo total]]","=+Tabla2[[#This Row],[Ganancia]]/Tabla2[[#This Row],[Facturación]]",Córdoba,Presencial,Efectivo,Particular,febrero,2025,1
V0103,2025-03-02 00:00:00,Pedro,C003,Monitor,Monitores,2,250000,180000,"=+Tabla2[[#This Row],[Cantidad]]*Tabla2[[#This Row],[Precio unitario]]","=+Tabla2[[#This Row],[Costo unitario]]*Tabla2[[#This Row],[Cantidad]]","=+Tabla2[[#This Row],[Facturación]]-Tabla2[[#This Row],[Costo total]]","=+Tabla2[[#This Row],[Ganancia]]/Tabla2[[#This Row],[Facturación]]",Rosario,Online,Transferencia,PyME,marzo,2025,1
V0104,2025-03-11 00:00:00,Lucía,C019,Teclado,Periféricos,4,40000,22000,"=+Tabla2[[#This Row],[Cantidad]]*Tabla2[[#This Row],[Precio unitario]]","=+Tabla2[[#This Row],[Costo unitario]]*Tabla2[[#This Row],[Cantidad]]","=+Tabla2[[#This Row],[Facturación]]-Tabla2[[#This Row],[Costo total]]","=+Tabla2[[#This Row],[Ganancia]]/Tabla2[[#This Row],[Facturación]]",Mendoza,Online,Mercado Pago,Particular,marzo,2025,1
V0105,2025-03-19 00:00:00,Juan,C011,Auriculares,Audio,2,60000,30000,"=+Tabla2[[#This Row],[Cantidad]]*Tabla2[[#This Row],[Precio unitario]]","=+Tabla2[[#This Row],[Costo unitario]]*Tabla2[[#This Row],[Cantidad]]","=+Tabla2[[#This Row],[Facturación]]-Tabla2[[#This Row],[Costo total]]","=+Tabla2[[#This Row],[Ganancia]]/Tabla2[[#This Row],[Facturación]]",La Plata,Presencial,Tarjeta,Particular,marzo,2025,1
V0106,2025-04-05 00:00:00,Ana,C006,Notebook,Computación,2,800000,650000,"=+Tabla2[[#This Row],[Cantidad]]*Tabla2[[#This Row],[Precio unitario]]","=+Tabla2[[#This Row],[Costo unitario]]*Tabla2[[#This Row],[Cantidad]]","=+Tabla2[[#This Row],[Facturación]]-Tabla2[[#This Row],[Costo total]]","=+Tabla2[[#This Row],[Ganancia]]/Tabla2[[#This Row],[Facturación]]",Buenos Aires,Online,Transferencia,Empresa,abril,2025,2
V0107,2025-04-09 00:00:00,Pedro,C017,Mouse,Periféricos,5,25000,12000,"=+Tabla2[[#This Row],[Cantidad]]*Tabla2[[#This Row],[Precio unitario]]","=+Tabla2[[#This Row],[Costo unitario]]*Tabla2[[#This Row],[Cantidad]]","=+Tabla2[[#This Row],[Facturación]]-Tabla2[[#This Row],[Costo total]]","=+Tabla2[[#This Row],[Ganancia]]/Tabla2[[#This Row],[Facturación]]",Córdoba,Online,Tarjeta,Particular,abril,2025,2
V0108,2025-04-17 00:00:00,Lucía,C002,Monitor,Monitores,1,250000,180000,"=+Tabla2[[#This Row],[Cantidad]]*Tabla2[[#This Row],[Precio unitario]]","=+Tabla2[[#This Row],[Costo unitario]]*Tabla2[[#This Row],[Cantidad]]","=+Tabla2[[#This Row],[Facturación]]-Tabla2[[#This Row],[Costo total]]","=+Tabla2[[#This Row],[Ganancia]]/Tabla2[[#This Row],[Facturación]]",Rosario,Presencial,Efectivo,PyME,abril,2025,2
V0109,2025-04-26 00:00:00,Juan,C015,Teclado,Periféricos,6,40000,22000,"=+Tabla2[[#This Row],[Cantidad]]*Tabla2[[#This Row],[Precio unitario]]","=+Tabla2[[#This Row],[Costo unitario]]*Tabla2[[#This Row],[Cantidad]]","=+Tabla2[[#This Row],[Facturación]]-Tabla2[[#This Row],[Costo total]]","=+Tabla2[[#This Row],[Ganancia]]/Tabla2[[#This Row],[Facturación]]",Mendoza,Online,Transferencia,Empresa,abril,2025,2
V0110,2025-05-03 00:00:00,Ana,C009,Auriculares,Audio,3,60000,30000,"=+Tabla2[[#This Row],[Cantidad]]*Tabla2[[#This Row],[Precio unitario]]","=+Tabla2[[#This Row],[Costo unitario]]*Tabla2[[#This Row],[Cantidad]]","=+Tabla2[[#This Row],[Facturación]]-Tabla2[[#This Row],[Costo total]]","=+Tabla2[[#This Row],[Ganancia]]/Tabla2[[#This Row],[Facturación]]",La Plata,Online,Mercado Pago,Particular,mayo,2025,2
V0111,2025-05-08 00:00:00,Pedro,C020,Notebook,Computación,1,800000,650000,"=+Tabla2[[#This Row],[Cantidad]]*Tabla2[[#This Row],[Precio unitario]]","=+Tabla2[[#This Row],[Costo unitario]]*Tabla2[[#This Row],[Cantidad]]","=+Tabla2[[#This Row],[Facturación]]-Tabla2[[#This Row],[Costo total]]","=+Tabla2[[#This Row],[Ganancia]]/Tabla2[[#This Row],[Facturación]]",Buenos Aires,Presencial,Tarjeta,Empresa,mayo,2025,2
V0112,2025-05-16 00:00:00,Lucía,C005,Mouse,Periféricos,8,25000,12000,"=+Tabla2[[#This Row],[Cantidad]]*Tabla2[[#This Row],[Precio unitario]]","=+Tabla2[[#This Row],[Costo unitario]]*Tabla2[[#This Row],[Cantidad]]","=+Tabla2[[#This Row],[Facturación]]-Tabla2[[#This Row],[Costo total]]","=+Tabla2[[#This Row],[Ganancia]]/Tabla2[[#This Row],[Facturación]]",Córdoba,Online,Transferencia,PyME,mayo,2025,2
V0113,2025-05-23 00:00:00,Juan,C013,Monitor,Monitores,3,250000,180000,"=+Tabla2[[#This Row],[Cantidad]]*Tabla2[[#This Row],[Precio unitario]]","=+Tabla2[[#This Row],[Costo unitario]]*Tabla2[[#This Row],[Cantidad]]","=+Tabla2[[#This Row],[Facturación]]-Tabla2[[#This Row],[Costo total]]","=+Tabla2[[#This Row],[Ganancia]]/Tabla2[[#This Row],[Facturación]]",Mendoza,Online,Tarjeta,Empresa,mayo,2025,2
V0114,2025-06-01 00:00:00,Ana,C001,Teclado,Periféricos,5,40000,22000,"=+Tabla2[[#This Row],[Cantidad]]*Tabla2[[#This Row],[Precio unitario]]","=+Tabla2[[#This Row],[Costo unitario]]*Tabla2[[#This Row],[Cantidad]]","=+Tabla2[[#This Row],[Facturación]]-Tabla2[[#This Row],[Costo total]]","=+Tabla2[[#This Row],[Ganancia]]/Tabla2[[#This Row],[Facturación]]",Rosario,Presencial,Efectivo,Particular,junio,2025,2
V0115,2025-06-07 00:00:00,Pedro,C010,Auriculares,Audio,4,60000,30000,"=+Tabla2[[#This Row],[Cantidad]]*Tabla2[[#This Row],[Precio unitario]]","=+Tabla2[[#This Row],[Costo unitario]]*Tabla2[[#This Row],[Cantidad]]","=+Tabla2[[#This Row],[Facturación]]-Tabla2[[#This Row],[Costo total]]","=+Tabla2[[#This Row],[Ganancia]]/Tabla2[[#This Row],[Facturación]]",La Plata,Online,Mercado Pago,Particular,junio,2025,2
V0116,2025-06-15 00:00:00,Lucía,C018,Notebook,Computación,2,800000,650000,"=+Tabla2[[#This Row],[Cantidad]]*Tabla2[[#This Row],[Precio unitario]]","=+Tabla2[[#This Row],[Costo unitario]]*Tabla2[[#This Row],[Cantidad]]","=+Tabla2[[#This Row],[Facturación]]-Tabla2[[#This Row],[Costo total]]","=+Tabla2[[#This Row],[Ganancia]]/Tabla2[[#This Row],[Facturación]]",Buenos Aires,Online,Transferencia,PyME,junio,2025,2
V0117,2025-06-22 00:00:00,Juan,C007,Mouse,Periféricos,10,25000,12000,"=+Tabla2[[#This Row],[Cantidad]]*Tabla2[[#This Row],[Precio unitario]]","=+Tabla2[[#This Row],[Costo unitario]]*Tabla2[[#This Row],[Cantidad]]","=+Tabla2[[#This Row],[Facturación]]-Tabla2[[#This Row],[Costo total]]","=+Tabla2[[#This Row],[Ganancia]]/Tabla2[[#This Row],[Facturación]]",Córdoba,Presencial,Tarjeta,Particular,junio,2025,2
V0118,2025-07-04 00:00:00,Ana,C016,Monitor,Monitores,2,250000,180000,"=+Tabla2[[#This Row],[Cantidad]]*Tabla2[[#This Row],[Precio unitario]]","=+Tabla2[[#This Row],[Costo unitario]]*Tabla2[[#This Row],[Cantidad]]","=+Tabla2[[#This Row],[Facturación]]-Tabla2[[#This Row],[Costo total]]","=+Tabla2[[#This Row],[Ganancia]]/Tabla2[[#This Row],[Facturación]]",Mendoza,Online,Tarjeta,Empresa,julio,2025,3
V0119,2025-07-12 00:00:00,Pedro,C004,Teclado,Periféricos,7,40000,22000,"=+Tabla2[[#This Row],[Cantidad]]*Tabla2[[#This Row],[Precio unitario]]","=+Tabla2[[#This Row],[Costo unitario]]*Tabla2[[#This Row],[Cantidad]]","=+Tabla2[[#This Row],[Facturación]]-Tabla2[[#This Row],[Costo total]]","=+Tabla2[[#This Row],[Ganancia]]/Tabla2[[#This Row],[Facturación]]",Rosario,Online,Transferencia,PyME,julio,2025,3
V0120,2025-07-21 00:00:00,Lucía,C012,Auriculares,Audio,2,60000,30000,"=+Tabla2[[#This Row],[Cantidad]]*Tabla2[[#This Row],[Precio unitario]]","=+Tabla2[[#This Row],[Costo unitario]]*Tabla2[[#This Row],[Cantidad]]","=+Tabla2[[#This Row],[Facturación]]-Tabla2[[#This Row],[Costo total]]","=+Tabla2[[#This Row],[Ganancia]]/Tabla2[[#This Row],[Facturación]]",La Plata,Presencial,Efectivo,Particular,julio,2025,3
V0121,2025-07-29 00:00:00,Juan,C003,Notebook,Computación,3,800000,650000,"=+Tabla2[[#This Row],[Cantidad]]*Tabla2[[#This Row],[Precio unitario]]","=+Tabla2[[#This Row],[Costo unitario]]*Tabla2[[#This Row],[Cantidad]]","=+Tabla2[[#This Row],[Facturación]]-Tabla2[[#This Row],[Costo total]]","=+Tabla2[[#This Row],[Ganancia]]/Tabla2[[#This Row],[Facturación]]",Buenos Aires,Online,Mercado Pago,Empresa,julio,2025,3
V0122,2025-08-06 00:00:00,Ana,C019,Mouse,Periféricos,6,25000,12000,"=+Tabla2[[#This Row],[Cantidad]]*Tabla2[[#This Row],[Precio unitario]]","=+Tabla2[[#This Row],[Costo unitario]]*Tabla2[[#This Row],[Cantidad]]","=+Tabla2[[#This Row],[Facturación]]-Tabla2[[#This Row],[Costo total]]","=+Tabla2[[#This Row],[Ganancia]]/Tabla2[[#This Row],[Facturación]]",Córdoba,Online,Transferencia,Particular,agosto,2025,3
V0123,2025-08-14 00:00:00,Pedro,C006,Monitor,Monitores,1,250000,180000,"=+Tabla2[[#This Row],[Cantidad]]*Tabla2[[#This Row],[Precio unitario]]","=+Tabla2[[#This Row],[Costo unitario]]*Tabla2[[#This Row],[Cantidad]]","=+Tabla2[[#This Row],[Facturación]]-Tabla2[[#This Row],[Costo total]]","=+Tabla2[[#This Row],[Ganancia]]/Tabla2[[#This Row],[Facturación]]",Mendoza,Presencial,Tarjeta,PyME,agosto,2025,3
V0124,2025-08-22 00:00:00,Lucía,C011,Teclado,Periféricos,8,40000,22000,"=+Tabla2[[#This Row],[Cantidad]]*Tabla2[[#This Row],[Precio unitario]]","=+Tabla2[[#This Row],[Costo unitario]]*Tabla2[[#This Row],[Cantidad]]","=+Tabla2[[#This Row],[Facturación]]-Tabla2[[#This Row],[Costo total]]","=+Tabla2[[#This Row],[Ganancia]]/Tabla2[[#This Row],[Facturación]]",Rosario,Online,Mercado Pago,Empresa,agosto,2025,3
V0125,2025-08-31 00:00:00,Juan,C017,Auriculares,Audio,5,60000,30000,"=+Tabla2[[#This Row],[Cantidad]]*Tabla2[[#This Row],[Precio unitario]]","=+Tabla2[[#This Row],[Costo unitario]]*Tabla2[[#This Row],[Cantidad]]","=+Tabla2[[#This Row],[Facturación]]-Tabla2[[#This Row],[Costo total]]","=+Tabla2[[#This Row],[Ganancia]]/Tabla2[[#This Row],[Facturación]]",La Plata,Online,Tarjeta,Particular,agosto,2025,3
V0126,2025-09-03 00:00:00,Ana,C002,Notebook,Computación,1,800000,650000,"=+Tabla2[[#This Row],[Cantidad]]*Tabla2[[#This Row],[Precio unitario]]","=+Tabla2[[#This Row],[Costo unitario]]*Tabla2[[#This Row],[Cantidad]]","=+Tabla2[[#This Row],[Facturación]]-Tabla2[[#This Row],[Costo total]]","=+Tabla2[[#This Row],[Ganancia]]/Tabla2[[#This Row],[Facturación]]",Buenos Aires,Presencial,Efectivo,Empresa,septiembre,2025,3
V0127,2025-09-11 00:00:00,Pedro,C015,Mouse,Periféricos,12,25000,12000,"=+Tabla2[[#This Row],[Cantidad]]*Tabla2[[#This Row],[Precio unitario]]","=+Tabla2[[#This Row],[Costo unitario]]*Tabla2[[#This Row],[Cantidad]]","=+Tabla2[[#This Row],[Facturación]]-Tabla2[[#This Row],[Costo total]]","=+Tabla2[[#This Row],[Ganancia]]/Tabla2[[#This Row],[Facturación]]",Córdoba,Online,Transferencia,Particular,septiembre,2025,3
V0128,2025-09-18 00:00:00,Lucía,C008,Monitor,Monitores,2,250000,180000,"=+Tabla2[[#This Row],[Cantidad]]*Tabla2[[#This Row],[Precio unitario]]","=+Tabla2[[#This Row],[Costo unitario]]*Tabla2[[#This Row],[Cantidad]]","=+Tabla2[[#This Row],[Facturación]]-Tabla2[[#This Row],[Costo total]]","=+Tabla2[[#This Row],[Ganancia]]/Tabla2[[#This Row],[Facturación]]",Mendoza,Online,Tarjeta,PyME,septiembre,2025,3
V0129,2025-09-25 00:00:00,Juan,C020,Teclado,Periféricos,3,40000,22000,"=+Tabla2[[#This Row],[Cantidad]]*Tabla2[[#This Row],[Precio unitario]]","=+Tabla2[[#This Row],[Costo unitario]]*Tabla2[[#This Row],[Cantidad]]","=+Tabla2[[#This Row],[Facturación]]-Tabla2[[#This Row],[Costo total]]","=+Tabla2[[#This Row],[Ganancia]]/Tabla2[[#This Row],[Facturación]]",Rosario,Presencial,Mercado Pago,Particular,septiembre,2025,3
V0130,2025-10-02 00:00:00,Ana,C005,Auriculares,Audio,6,60000,30000,"=+Tabla2[[#This Row],[Cantidad]]*Tabla2[[#This Row],[Precio unitario]]","=+Tabla2[[#This Row],[Costo unitario]]*Tabla2[[#This Row],[Cantidad]]","=+Tabla2[[#This Row],[Facturación]]-Tabla2[[#This Row],[Costo total]]","=+Tabla2[[#This Row],[Ganancia]]/Tabla2[[#This Row],[Facturación]]",La Plata,Online,Transferencia,Empresa,octubre,2025,4
V0131,2025-10-10 00:00:00,Pedro,C014,Notebook,Computación,2,800000,650000,"=+Tabla2[[#This Row],[Cantidad]]*Tabla2[[#This Row],[Precio unitario]]","=+Tabla2[[#This Row],[Costo unitario]]*Tabla2[[#This Row],[Cantidad]]","=+Tabla2[[#This Row],[Facturación]]-Tabla2[[#This Row],[Costo total]]","=+Tabla2[[#This Row],[Ganancia]]/Tabla2[[#This Row],[Facturación]]",Buenos Aires,Online,Tarjeta,PyME,octubre,2025,4
V0132,2025-10-18 00:00:00,Lucía,C001,Mouse,Periféricos,7,25000,12000,"=+Tabla2[[#This Row],[Cantidad]]*Tabla2[[#This Row],[Precio unitario]]","=+Tabla2[[#This Row],[Costo unitario]]*Tabla2[[#This Row],[Cantidad]]","=+Tabla2[[#This Row],[Facturación]]-Tabla2[[#This Row],[Costo total]]","=+Tabla2[[#This Row],[Ganancia]]/Tabla2[[#This Row],[Facturación]]",Córdoba,Presencial,Efectivo,Particular,octubre,2025,4
V0133,2025-10-27 00:00:00,Juan,C009,Monitor,Monitores,4,250000,180000,"=+Tabla2[[#This Row],[Cantidad]]*Tabla2[[#This Row],[Precio unitario]]","=+Tabla2[[#This Row],[Costo unitario]]*Tabla2[[#This Row],[Cantidad]]","=+Tabla2[[#This Row],[Facturación]]-Tabla2[[#This Row],[Costo total]]","=+Tabla2[[#This Row],[Ganancia]]/Tabla2[[#This Row],[Facturación]]",Mendoza,Online,Mercado Pago,Empresa,octubre,2025,4
V0134,2025-11-04 00:00:00,Ana,C018,Teclado,Periféricos,9,40000,22000,"=+Tabla2[[#This Row],[Cantidad]]*Tabla2[[#This Row],[Precio unitario]]","=+Tabla2[[#This Row],[Costo unitario]]*Tabla2[[#This Row],[Cantidad]]","=+Tabla2[[#This Row],[Facturación]]-Tabla2[[#This Row],[Costo total]]","=+Tabla2[[#This Row],[Ganancia]]/Tabla2[[#This Row],[Facturación]]",Rosario,Online,Transferencia,Particular,noviembre,2025,4
V0135,2025-11-12 00:00:00,Pedro,C007,Auriculares,Audio,3,60000,30000,"=+Tabla2[[#This Row],[Cantidad]]*Tabla2[[#This Row],[Precio unitario]]","=+Tabla2[[#This Row],[Costo unitario]]*Tabla2[[#This Row],[Cantidad]]","=+Tabla2[[#This Row],[Facturación]]-Tabla2[[#This Row],[Costo total]]","=+Tabla2[[#This Row],[Ganancia]]/Tabla2[[#This Row],[Facturación]]",La Plata,Presencial,Tarjeta,PyME,noviembre,2025,4
V0136,2025-11-20 00:00:00,Lucía,C016,Notebook,Computación,1,800000,650000,"=+Tabla2[[#This Row],[Cantidad]]*Tabla2[[#This Row],[Precio unitario]]","=+Tabla2[[#This Row],[Costo unitario]]*Tabla2[[#This Row],[Cantidad]]","=+Tabla2[[#This Row],[Facturación]]-Tabla2[[#This Row],[Costo total]]","=+Tabla2[[#This Row],[Ganancia]]/Tabla2[[#This Row],[Facturación]]",Buenos Aires,Online,Tarjeta,Empresa,noviembre,2025,4
V0137,2025-11-28 00:00:00,Juan,C004,Mouse,Periféricos,15,25000,12000,"=+Tabla2[[#This Row],[Cantidad]]*Tabla2[[#This Row],[Precio unitario]]","=+Tabla2[[#This Row],[Costo unitario]]*Tabla2[[#This Row],[Cantidad]]","=+Tabla2[[#This Row],[Facturación]]-Tabla2[[#This Row],[Costo total]]","=+Tabla2[[#This Row],[Ganancia]]/Tabla2[[#This Row],[Facturación]]",Córdoba,Online,Mercado Pago,Particular,noviembre,2025,4
V0138,2025-12-05 00:00:00,Ana,C012,Monitor,Monitores,2,250000,180000,"=+Tabla2[[#This Row],[Cantidad]]*Tabla2[[#This Row],[Precio unitario]]","=+Tabla2[[#This Row],[Costo unitario]]*Tabla2[[#This Row],[Cantidad]]","=+Tabla2[[#This Row],[Facturación]]-Tabla2[[#This Row],[Costo total]]","=+Tabla2[[#This Row],[Ganancia]]/Tabla2[[#This Row],[Facturación]]",Mendoza,Presencial,Efectivo,Empresa,diciembre,2025,4
V0139,2025-12-13 00:00:00,Pedro,C003,Teclado,Periféricos,4,40000,22000,"=+Tabla2[[#This Row],[Cantidad]]*Tabla2[[#This Row],[Precio unitario]]","=+Tabla2[[#This Row],[Costo unitario]]*Tabla2[[#This Row],[Cantidad]]","=+Tabla2[[#This Row],[Facturación]]-Tabla2[[#This Row],[Costo total]]","=+Tabla2[[#This Row],[Ganancia]]/Tabla2[[#This Row],[Facturación]]",Rosario,Online,Transferencia,PyME,diciembre,2025,4
V0140,2025-12-21 00:00:00,Lucía,C010,Auriculares,Audio,7,60000,30000,"=+Tabla2[[#This Row],[Cantidad]]*Tabla2[[#This Row],[Precio unitario]]","=+Tabla2[[#This Row],[Costo unitario]]*Tabla2[[#This Row],[Cantidad]]","=+Tabla2[[#This Row],[Facturación]]-Tabla2[[#This Row],[Costo total]]","=+Tabla2[[#This Row],[Ganancia]]/Tabla2[[#This Row],[Facturación]]",La Plata,Online,Mercado Pago,Particular,diciembre,2025,4
V0141,2025-12-29 00:00:00,Juan,C019,Notebook,Computación,2,800000,650000,"=+Tabla2[[#This Row],[Cantidad]]*Tabla2[[#This Row],[Precio unitario]]","=+Tabla2[[#This Row],[Costo unitario]]*Tabla2[[#This Row],[Cantidad]]","=+Tabla2[[#This Row],[Facturación]]-Tabla2[[#This Row],[Costo total]]","=+Tabla2[[#This Row],[Ganancia]]/Tabla2[[#This Row],[Facturación]]",Buenos Aires,Online,Tarjeta,Empresa,diciembre,2025,4
V0142,2026-01-06 00:00:00,Ana,C006,Mouse,Periféricos,9,25000,12000,"=+Tabla2[[#This Row],[Cantidad]]*Tabla2[[#This Row],[Precio unitario]]","=+Tabla2[[#This Row],[Costo unitario]]*Tabla2[[#This Row],[Cantidad]]","=+Tabla2[[#This Row],[Facturación]]-Tabla2[[#This Row],[Costo total]]","=+Tabla2[[#This Row],[Ganancia]]/Tabla2[[#This Row],[Facturación]]",Córdoba,Online,Transferencia,Particular,enero,2026,1
V0143,2026-01-14 00:00:00,Pedro,C017,Monitor,Monitores,3,250000,180000,"=+Tabla2[[#This Row],[Cantidad]]*Tabla2[[#This Row],[Precio unitario]]","=+Tabla2[[#This Row],[Costo unitario]]*Tabla2[[#This Row],[Cantidad]]","=+Tabla2[[#This Row],[Facturación]]-Tabla2[[#This Row],[Costo total]]","=+Tabla2[[#This Row],[Ganancia]]/Tabla2[[#This Row],[Facturación]]",Mendoza,Presencial,Tarjeta,PyME,enero,2026,1
V0144,2026-01-22 00:00:00,Lucía,C002,Teclado,Periféricos,5,40000,22000,"=+Tabla2[[#This Row],[Cantidad]]*Tabla2[[#This Row],[Precio unitario]]","=+Tabla2[[#This Row],[Costo unitario]]*Tabla2[[#This Row],[Cantidad]]","=+Tabla2[[#This Row],[Facturación]]-Tabla2[[#This Row],[Costo total]]","=+Tabla2[[#This Row],[Ganancia]]/Tabla2[[#This Row],[Facturación]]",Rosario,Online,Mercado Pago,Empresa,enero,2026,1
V0145,2026-01-30 00:00:00,Juan,C015,Auriculares,Audio,4,60000,30000,"=+Tabla2[[#This Row],[Cantidad]]*Tabla2[[#This Row],[Precio unitario]]","=+Tabla2[[#This Row],[Costo unitario]]*Tabla2[[#This Row],[Cantidad]]","=+Tabla2[[#This Row],[Facturación]]-Tabla2[[#This Row],[Costo total]]","=+Tabla2[[#This Row],[Ganancia]]/Tabla2[[#This Row],[Facturación]]",La Plata,Online,Tarjeta,Particular,enero,2026,1
V0146,2026-02-07 00:00:00,Ana,C020,Notebook,Computación,1,800000,650000,"=+Tabla2[[#This Row],[Cantidad]]*Tabla2[[#This Row],[Precio unitario]]","=+Tabla2[[#This Row],[Costo unitario]]*Tabla2[[#This Row],[Cantidad]]","=+Tabla2[[#This Row],[Facturación]]-Tabla2[[#This Row],[Costo total]]","=+Tabla2[[#This Row],[Ganancia]]/Tabla2[[#This Row],[Facturación]]",Buenos Aires,Presencial,Efectivo,Empresa,febrero,2026,1
V0147,2026-02-15 00:00:00,Pedro,C005,Mouse,Periféricos,11,25000,12000,"=+Tabla2[[#This Row],[Cantidad]]*Tabla2[[#This Row],[Precio unitario]]","=+Tabla2[[#This Row],[Costo unitario]]*Tabla2[[#This Row],[Cantidad]]","=+Tabla2[[#This Row],[Facturación]]-Tabla2[[#This Row],[Costo total]]","=+Tabla2[[#This Row],[Ganancia]]/Tabla2[[#This Row],[Facturación]]",Córdoba,Online,Transferencia,Particular,febrero,2026,1
V0148,2026-02-23 00:00:00,Lucía,C013,Monitor,Monitores,2,250000,180000,"=+Tabla2[[#This Row],[Cantidad]]*Tabla2[[#This Row],[Precio unitario]]","=+Tabla2[[#This Row],[Costo unitario]]*Tabla2[[#This Row],[Cantidad]]","=+Tabla2[[#This Row],[Facturación]]-Tabla2[[#This Row],[Costo total]]","=+Tabla2[[#This Row],[Ganancia]]/Tabla2[[#This Row],[Facturación]]",Mendoza,Online,Tarjeta,PyME,febrero,2026,1
V0149,2026-03-03 00:00:00,Juan,C001,Teclado,Periféricos,6,40000,22000,"=+Tabla2[[#This Row],[Cantidad]]*Tabla2[[#This Row],[Precio unitario]]","=+Tabla2[[#This Row],[Costo unitario]]*Tabla2[[#This Row],[Cantidad]]","=+Tabla2[[#This Row],[Facturación]]-Tabla2[[#This Row],[Costo total]]","=+Tabla2[[#This Row],[Ganancia]]/Tabla2[[#This Row],[Facturación]]",Rosario,Presencial,Mercado Pago,Particular,marzo,2026,1
V0150,2026-03-11 00:00:00,Ana,C009,Auriculares,Audio,5,60000,30000,"=+Tabla2[[#This Row],[Cantidad]]*Tabla2[[#This Row],[Precio unitario]]","=+Tabla2[[#This Row],[Costo unitario]]*Tabla2[[#This Row],[Cantidad]]","=+Tabla2[[#This Row],[Facturación]]-Tabla2[[#This Row],[Costo total]]","=+Tabla2[[#This Row],[Ganancia]]/Tabla2[[#This Row],[Facturación]]",La Plata,Online,Transferencia,Empresa,marzo,2026,1
V0151,2026-03-19 00:00:00,Pedro,C018,Notebook,Computación,3,800000,650000,"=+Tabla2[[#This Row],[Cantidad]]*Tabla2[[#This Row],[Precio unitario]]","=+Tabla2[[#This Row],[Costo unitario]]*Tabla2[[#This Row],[Cantidad]]","=+Tabla2[[#This Row],[Facturación]]-Tabla2[[#This Row],[Costo total]]","=+Tabla2[[#This Row],[Ganancia]]/Tabla2[[#This Row],[Facturación]]",Buenos Aires,Online,Tarjeta,PyME,marzo,2026,1
V0152,2026-03-27 00:00:00,Lucía,C007,Mouse,Periféricos,8,25000,12000,"=+Tabla2[[#This Row],[Cantidad]]*Tabla2[[#This Row],[Precio unitario]]","=+Tabla2[[#This Row],[Costo unitario]]*Tabla2[[#This Row],[Cantidad]]","=+Tabla2[[#This Row],[Facturación]]-Tabla2[[#This Row],[Costo total]]","=+Tabla2[[#This Row],[Ganancia]]/Tabla2[[#This Row],[Facturación]]",Córdoba,Presencial,Efectivo,Particular,marzo,2026,1
V0153,2026-04-04 00:00:00,Juan,C016,Monitor,Monitores,1,250000,180000,"=+Tabla2[[#This Row],[Cantidad]]*Tabla2[[#This Row],[Precio unitario]]","=+Tabla2[[#This Row],[Costo unitario]]*Tabla2[[#This Row],[Cantidad]]","=+Tabla2[[#This Row],[Facturación]]-Tabla2[[#This Row],[Costo total]]","=+Tabla2[[#This Row],[Ganancia]]/Tabla2[[#This Row],[Facturación]]",Mendoza,Online,Mercado Pago,Empresa,abril,2026,2
V0154,2026-04-12 00:00:00,Ana,C004,Teclado,Periféricos,10,40000,22000,"=+Tabla2[[#This Row],[Cantidad]]*Tabla2[[#This Row],[Precio unitario]]","=+Tabla2[[#This Row],[Costo unitario]]*Tabla2[[#This Row],[Cantidad]]","=+Tabla2[[#This Row],[Facturación]]-Tabla2[[#This Row],[Costo total]]","=+Tabla2[[#This Row],[Ganancia]]/Tabla2[[#This Row],[Facturación]]",Rosario,Online,Transferencia,Particular,abril,2026,2
V0155,2026-04-20 00:00:00,Pedro,C011,Auriculares,Audio,6,60000,30000,"=+Tabla2[[#This Row],[Cantidad]]*Tabla2[[#This Row],[Precio unitario]]","=+Tabla2[[#This Row],[Costo unitario]]*Tabla2[[#This Row],[Cantidad]]","=+Tabla2[[#This Row],[Facturación]]-Tabla2[[#This Row],[Costo total]]","=+Tabla2[[#This Row],[Ganancia]]/Tabla2[[#This Row],[Facturación]]",La Plata,Presencial,Tarjeta,PyME,abril,2026,2
V0156,2026-04-28 00:00:00,Lucía,C019,Notebook,Computación,2,800000,650000,"=+Tabla2[[#This Row],[Cantidad]]*Tabla2[[#This Row],[Precio unitario]]","=+Tabla2[[#This Row],[Costo unitario]]*Tabla2[[#This Row],[Cantidad]]","=+Tabla2[[#This Row],[Facturación]]-Tabla2[[#This Row],[Costo total]]","=+Tabla2[[#This Row],[Ganancia]]/Tabla2[[#This Row],[Facturación]]",Buenos Aires,Online,Tarjeta,Empresa,abril,2026,2
V0157,2026-05-06 00:00:00,Juan,C006,Mouse,Periféricos,13,25000,12000,"=+Tabla2[[#This Row],[Cantidad]]*Tabla2[[#This Row],[Precio unitario]]","=+Tabla2[[#This Row],[Costo unitario]]*Tabla2[[#This Row],[Cantidad]]","=+Tabla2[[#This Row],[Facturación]]-Tabla2[[#This Row],[Costo total]]","=+Tabla2[[#This Row],[Ganancia]]/Tabla2[[#This Row],[Facturación]]",Córdoba,Online,Mercado Pago,Particular,mayo,2026,2
V0158,2026-05-14 00:00:00,Ana,C017,Monitor,Monitores,3,250000,180000,"=+Tabla2[[#This Row],[Cantidad]]*Tabla2[[#This Row],[Precio unitario]]","=+Tabla2[[#This Row],[Costo unitario]]*Tabla2[[#This Row],[Cantidad]]","=+Tabla2[[#This Row],[Facturación]]-Tabla2[[#This Row],[Costo total]]","=+Tabla2[[#This Row],[Ganancia]]/Tabla2[[#This Row],[Facturación]]",Mendoza,Presencial,Efectivo,Empresa,mayo,2026,2
V0159,2026-05-22 00:00:00,Pedro,C002,Teclado,Periféricos,7,40000,22000,"=+Tabla2[[#This Row],[Cantidad]]*Tabla2[[#This Row],[Precio unitario]]","=+Tabla2[[#This Row],[Costo unitario]]*Tabla2[[#This Row],[Cantidad]]","=+Tabla2[[#This Row],[Facturación]]-Tabla2[[#This Row],[Costo total]]","=+Tabla2[[#This Row],[Ganancia]]/Tabla2[[#This Row],[Facturación]]",Rosario,Online,Transferencia,PyME,mayo,2026,2
V0160,2026-05-30 00:00:00,Lucía,C015,Auriculares,Audio,4,60000,30000,"=+Tabla2[[#This Row],[Cantidad]]*Tabla2[[#This Row],[Precio unitario]]","=+Tabla2[[#This Row],[Costo unitario]]*Tabla2[[#This Row],[Cantidad]]","=+Tabla2[[#This Row],[Facturación]]-Tabla2[[#This Row],[Costo total]]","=+Tabla2[[#This Row],[Ganancia]]/Tabla2[[#This Row],[Facturación]]",La Plata,Online,Tarjeta,Particular,mayo,2026,2
V0161,2026-06-07 00:00:00,Juan,C010,Notebook,Computación,1,800000,650000,"=+Tabla2[[#This Row],[Cantidad]]*Tabla2[[#This Row],[Precio unitario]]","=+Tabla2[[#This Row],[Costo unitario]]*Tabla2[[#This Row],[Cantidad]]","=+Tabla2[[#This Row],[Facturación]]-Tabla2[[#This Row],[Costo total]]","=+Tabla2[[#This Row],[Ganancia]]/Tabla2[[#This Row],[Facturación]]",Buenos Aires,Presencial,Efectivo,Empresa,junio,2026,2
V0162,2026-06-15 00:00:00,Ana,C003,Mouse,Periféricos,10,25000,12000,"=+Tabla2[[#This Row],[Cantidad]]*Tabla2[[#This Row],[Precio unitario]]","=+Tabla2[[#This Row],[Costo unitario]]*Tabla2[[#This Row],[Cantidad]]","=+Tabla2[[#This Row],[Facturación]]-Tabla2[[#This Row],[Costo total]]","=+Tabla2[[#This Row],[Ganancia]]/Tabla2[[#This Row],[Facturación]]",Córdoba,Online,Mercado Pago,Particular,junio,2026,2
V0163,2026-06-23 00:00:00,Pedro,C008,Monitor,Monitores,2,250000,180000,"=+Tabla2[[#This Row],[Cantidad]]*Tabla2[[#This Row],[Precio unitario]]","=+Tabla2[[#This Row],[Costo unitario]]*Tabla2[[#This Row],[Cantidad]]","=+Tabla2[[#This Row],[Facturación]]-Tabla2[[#This Row],[Costo total]]","=+Tabla2[[#This Row],[Ganancia]]/Tabla2[[#This Row],[Facturación]]",Mendoza,Online,Transferencia,PyME,junio,2026,2
V0164,2026-07-01 00:00:00,Lucía,C020,Teclado,Periféricos,8,40000,22000,"=+Tabla2[[#This Row],[Cantidad]]*Tabla2[[#This Row],[Precio unitario]]","=+Tabla2[[#This Row],[Costo unitario]]*Tabla2[[#This Row],[Cantidad]]","=+Tabla2[[#This Row],[Facturación]]-Tabla2[[#This Row],[Costo total]]","=+Tabla2[[#This Row],[Ganancia]]/Tabla2[[#This Row],[Facturación]]",Rosario,Presencial,Tarjeta,Empresa,julio,2026,3
V0165,2026-07-09 00:00:00,Juan,C005,Auriculares,Audio,3,60000,30000,"=+Tabla2[[#This Row],[Cantidad]]*Tabla2[[#This Row],[Precio unitario]]","=+Tabla2[[#This Row],[Costo unitario]]*Tabla2[[#This Row],[Cantidad]]","=+Tabla2[[#This Row],[Facturación]]-Tabla2[[#This Row],[Costo total]]","=+Tabla2[[#This Row],[Ganancia]]/Tabla2[[#This Row],[Facturación]]",La Plata,Online,Mercado Pago,Particular,julio,2026,3
V0166,2026-07-17 00:00:00,Ana,C014,Notebook,Computación,2,800000,650000,"=+Tabla2[[#This Row],[Cantidad]]*Tabla2[[#This Row],[Precio unitario]]","=+Tabla2[[#This Row],[Costo unitario]]*Tabla2[[#This Row],[Cantidad]]","=+Tabla2[[#This Row],[Facturación]]-Tabla2[[#This Row],[Costo total]]","=+Tabla2[[#This Row],[Ganancia]]/Tabla2[[#This Row],[Facturación]]",Buenos Aires,Online,Tarjeta,Empresa,julio,2026,3
V0167,2026-07-25 00:00:00,Pedro,C001,Mouse,Periféricos,14,25000,12000,"=+Tabla2[[#This Row],[Cantidad]]*Tabla2[[#This Row],[Precio unitario]]","=+Tabla2[[#This Row],[Costo unitario]]*Tabla2[[#This Row],[Cantidad]]","=+Tabla2[[#This Row],[Facturación]]-Tabla2[[#This Row],[Costo total]]","=+Tabla2[[#This Row],[Ganancia]]/Tabla2[[#This Row],[Facturación]]",Córdoba,Presencial,Efectivo,PyME,julio,2026,3
V0168,2026-08-02 00:00:00,Lucía,C009,Monitor,Monitores,1,250000,180000,"=+Tabla2[[#This Row],[Cantidad]]*Tabla2[[#This Row],[Precio unitario]]","=+Tabla2[[#This Row],[Costo unitario]]*Tabla2[[#This Row],[Cantidad]]","=+Tabla2[[#This Row],[Facturación]]-Tabla2[[#This Row],[Costo total]]","=+Tabla2[[#This Row],[Ganancia]]/Tabla2[[#This Row],[Facturación]]",Mendoza,Online,Transferencia,Particular,agosto,2026,3
V0169,2026-08-10 00:00:00,Juan,C018,Teclado,Periféricos,5,40000,22000,"=+Tabla2[[#This Row],[Cantidad]]*Tabla2[[#This Row],[Precio unitario]]","=+Tabla2[[#This Row],[Costo unitario]]*Tabla2[[#This Row],[Cantidad]]","=+Tabla2[[#This Row],[Facturación]]-Tabla2[[#This Row],[Costo total]]","=+Tabla2[[#This Row],[Ganancia]]/Tabla2[[#This Row],[Facturación]]",Rosario,Online,Mercado Pago,Empresa,agosto,2026,3
V0170,2026-08-18 00:00:00,Ana,C007,Auriculares,Audio,8,60000,30000,"=+Tabla2[[#This Row],[Cantidad]]*Tabla2[[#This Row],[Precio unitario]]","=+Tabla2[[#This Row],[Costo unitario]]*Tabla2[[#This Row],[Cantidad]]","=+Tabla2[[#This Row],[Facturación]]-Tabla2[[#This Row],[Costo total]]","=+Tabla2[[#This Row],[Ganancia]]/Tabla2[[#This Row],[Facturación]]",La Plata,Presencial,Tarjeta,Particular,agosto,2026,3
V0171,2026-08-26 00:00:00,Pedro,C016,Notebook,Computación,1,800000,650000,"=+Tabla2[[#This Row],[Cantidad]]*Tabla2[[#This Row],[Precio unitario]]","=+Tabla2[[#This Row],[Costo unitario]]*Tabla2[[#This Row],[Cantidad]]","=+Tabla2[[#This Row],[Facturación]]-Tabla2[[#This Row],[Costo total]]","=+Tabla2[[#This Row],[Ganancia]]/Tabla2[[#This Row],[Facturación]]",Buenos Aires,Online,Transferencia,PyME,agosto,2026,3
V0172,2026-09-03 00:00:00,Lucía,C004,Mouse,Periféricos,9,25000,12000,"=+Tabla2[[#This Row],[Cantidad]]*Tabla2[[#This Row],[Precio unitario]]","=+Tabla2[[#This Row],[Costo unitario]]*Tabla2[[#This Row],[Cantidad]]","=+Tabla2[[#This Row],[Facturación]]-Tabla2[[#This Row],[Costo total]]","=+Tabla2[[#This Row],[Ganancia]]/Tabla2[[#This Row],[Facturación]]",Córdoba,Online,Tarjeta,Empresa,septiembre,2026,3
V0173,2026-09-11 00:00:00,Juan,C012,Monitor,Monitores,3,250000,180000,"=+Tabla2[[#This Row],[Cantidad]]*Tabla2[[#This Row],[Precio unitario]]","=+Tabla2[[#This Row],[Costo unitario]]*Tabla2[[#This Row],[Cantidad]]","=+Tabla2[[#This Row],[Facturación]]-Tabla2[[#This Row],[Costo total]]","=+Tabla2[[#This Row],[Ganancia]]/Tabla2[[#This Row],[Facturación]]",Mendoza,Presencial,Efectivo,Particular,septiembre,2026,3
V0174,2026-09-19 00:00:00,Ana,C019,Teclado,Periféricos,6,40000,22000,"=+Tabla2[[#This Row],[Cantidad]]*Tabla2[[#This Row],[Precio unitario]]","=+Tabla2[[#This Row],[Costo unitario]]*Tabla2[[#This Row],[Cantidad]]","=+Tabla2[[#This Row],[Facturación]]-Tabla2[[#This Row],[Costo total]]","=+Tabla2[[#This Row],[Ganancia]]/Tabla2[[#This Row],[Facturación]]",Rosario,Online,Mercado Pago,Empresa,septiembre,2026,3
V0175,2026-09-27 00:00:00,Pedro,C006,Auriculares,Audio,5,60000,30000,"=+Tabla2[[#This Row],[Cantidad]]*Tabla2[[#This Row],[Precio unitario]]","=+Tabla2[[#This Row],[Costo unitario]]*Tabla2[[#This Row],[Cantidad]]","=+Tabla2[[#This Row],[Facturación]]-Tabla2[[#This Row],[Costo total]]","=+Tabla2[[#This Row],[Ganancia]]/Tabla2[[#This Row],[Facturación]]",La Plata,Online,Transferencia,PyME,septiembre,2026,3
V0176,2026-10-05 00:00:00,Lucía,C017,Notebook,Computación,2,800000,650000,"=+Tabla2[[#This Row],[Cantidad]]*Tabla2[[#This Row],[Precio unitario]]","=+Tabla2[[#This Row],[Costo unitario]]*Tabla2[[#This Row],[Cantidad]]","=+Tabla2[[#This Row],[Facturación]]-Tabla2[[#This Row],[Costo total]]","=+Tabla2[[#This Row],[Ganancia]]/Tabla2[[#This Row],[Facturación]]",Buenos Aires,Presencial,Tarjeta,Particular,octubre,2026,4
V0177,2026-10-13 00:00:00,Juan,C002,Mouse,Periféricos,12,25000,12000,"=+Tabla2[[#This Row],[Cantidad]]*Tabla2[[#This Row],[Precio unitario]]","=+Tabla2[[#This Row],[Costo unitario]]*Tabla2[[#This Row],[Cantidad]]","=+Tabla2[[#This Row],[Facturación]]-Tabla2[[#This Row],[Costo total]]","=+Tabla2[[#This Row],[Ganancia]]/Tabla2[[#This Row],[Facturación]]",Córdoba,Online,Mercado Pago,Empresa,octubre,2026,4
V0178,2026-10-21 00:00:00,Ana,C011,Monitor,Monitores,2,250000,180000,"=+Tabla2[[#This Row],[Cantidad]]*Tabla2[[#This Row],[Precio unitario]]","=+Tabla2[[#This Row],[Costo unitario]]*Tabla2[[#This Row],[Cantidad]]","=+Tabla2[[#This Row],[Facturación]]-Tabla2[[#This Row],[Costo total]]","=+Tabla2[[#This Row],[Ganancia]]/Tabla2[[#This Row],[Facturación]]",Mendoza,Online,Transferencia,PyME,octubre,2026,4
V0179,2026-10-29 00:00:00,Pedro,C008,Teclado,Periféricos,9,40000,22000,"=+Tabla2[[#This Row],[Cantidad]]*Tabla2[[#This Row],[Precio unitario]]","=+Tabla2[[#This Row],[Costo unitario]]*Tabla2[[#This Row],[Cantidad]]","=+Tabla2[[#This Row],[Facturación]]-Tabla2[[#This Row],[Costo total]]","=+Tabla2[[#This Row],[Ganancia]]/Tabla2[[#This Row],[Facturación]]",Rosario,Presencial,Efectivo,Particular,octubre,2026,4
V0180,2026-11-06 00:00:00,Lucía,C015,Auriculares,Audio,4,60000,30000,"=+Tabla2[[#This Row],[Cantidad]]*Tabla2[[#This Row],[Precio unitario]]","=+Tabla2[[#This Row],[Costo unitario]]*Tabla2[[#This Row],[Cantidad]]","=+Tabla2[[#This Row],[Facturación]]-Tabla2[[#This Row],[Costo total]]","=+Tabla2[[#This Row],[Ganancia]]/Tabla2[[#This Row],[Facturación]]",La Plata,Online,Tarjeta,Empresa,noviembre,2026,4
V0181,2026-11-14 00:00:00,Juan,C020,Notebook,Computación,3,800000,650000,"=+Tabla2[[#This Row],[Cantidad]]*Tabla2[[#This Row],[Precio unitario]]","=+Tabla2[[#This Row],[Costo unitario]]*Tabla2[[#This Row],[Cantidad]]","=+Tabla2[[#This Row],[Facturación]]-Tabla2[[#This Row],[Costo total]]","=+Tabla2[[#This Row],[Ganancia]]/Tabla2[[#This Row],[Facturación]]",Buenos Aires,Online,Transferencia,PyME,noviembre,2026,4
V0182,2026-11-22 00:00:00,Ana,C005,Mouse,Periféricos,7,25000,12000,"=+Tabla2[[#This Row],[Cantidad]]*Tabla2[[#This Row],[Precio unitario]]","=+Tabla2[[#This Row],[Costo unitario]]*Tabla2[[#This Row],[Cantidad]]","=+Tabla2[[#This Row],[Facturación]]-Tabla2[[#This Row],[Costo total]]","=+Tabla2[[#This Row],[Ganancia]]/Tabla2[[#This Row],[Facturación]]",Córdoba,Presencial,Mercado Pago,Particular,noviembre,2026,4
V0183,2026-11-30 00:00:00,Pedro,C013,Monitor,Monitores,1,250000,180000,"=+Tabla2[[#This Row],[Cantidad]]*Tabla2[[#This Row],[Precio unitario]]","=+Tabla2[[#This Row],[Costo unitario]]*Tabla2[[#This Row],[Cantidad]]","=+Tabla2[[#This Row],[Facturación]]-Tabla2[[#This Row],[Costo total]]","=+Tabla2[[#This Row],[Ganancia]]/Tabla2[[#This Row],[Facturación]]",Mendoza,Online,Tarjeta,Empresa,noviembre,2026,4
V0184,2026-12-08 00:00:00,Lucía,C001,Teclado,Periféricos,11,40000,22000,"=+Tabla2[[#This Row],[Cantidad]]*Tabla2[[#This Row],[Precio unitario]]","=+Tabla2[[#This Row],[Costo unitario]]*Tabla2[[#This Row],[Cantidad]]","=+Tabla2[[#This Row],[Facturación]]-Tabla2[[#This Row],[Costo total]]","=+Tabla2[[#This Row],[Ganancia]]/Tabla2[[#This Row],[Facturación]]",Rosario,Online,Transferencia,PyME,diciembre,2026,4
V0185,2026-12-16 00:00:00,Juan,C009,Auriculares,Audio,6,60000,30000,"=+Tabla2[[#This Row],[Cantidad]]*Tabla2[[#This Row],[Precio unitario]]","=+Tabla2[[#This Row],[Costo unitario]]*Tabla2[[#This Row],[Cantidad]]","=+Tabla2[[#This Row],[Facturación]]-Tabla2[[#This Row],[Costo total]]","=+Tabla2[[#This Row],[Ganancia]]/Tabla2[[#This Row],[Facturación]]",La Plata,Presencial,Efectivo,Particular,diciembre,2026,4
V0186,2026-12-24 00:00:00,Ana,C018,Notebook,Computación,1,800000,650000,"=+Tabla2[[#This Row],[Cantidad]]*Tabla2[[#This Row],[Precio unitario]]","=+Tabla2[[#This Row],[Costo unitario]]*Tabla2[[#This Row],[Cantidad]]","=+Tabla2[[#This Row],[Facturación]]-Tabla2[[#This Row],[Costo total]]","=+Tabla2[[#This Row],[Ganancia]]/Tabla2[[#This Row],[Facturación]]",Buenos Aires,Online,Mercado Pago,Empresa,diciembre,2026,4
V0187,2026-12-30 00:00:00,Pedro,C007,Mouse,Periféricos,16,25000,12000,"=+Tabla2[[#This Row],[Cantidad]]*Tabla2[[#This Row],[Precio unitario]]","=+Tabla2[[#This Row],[Costo unitario]]*Tabla2[[#This Row],[Cantidad]]","=+Tabla2[[#This Row],[Facturación]]-Tabla2[[#This Row],[Costo total]]","=+Tabla2[[#This Row],[Ganancia]]/Tabla2[[#This Row],[Facturación]]",Córdoba,Online,Tarjeta,Particular,diciembre,2026,4
V0188,2025-01-09 00:00:00,Lucía,C014,Monitor,Monitores,2,250000,180000,"=+Tabla2[[#This Row],[Cantidad]]*Tabla2[[#This Row],[Precio unitario]]","=+Tabla2[[#This Row],[Costo unitario]]*Tabla2[[#This Row],[Cantidad]]","=+Tabla2[[#This Row],[Facturación]]-Tabla2[[#This Row],[Costo total]]","=+Tabla2[[#This Row],[Ganancia]]/Tabla2[[#This Row],[Facturación]]",Mendoza,Presencial,Transferencia,PyME,enero,2025,1
V0189,2025-01-17 00:00:00,Juan,C003,Teclado,Periféricos,4,40000,22000,"=+Tabla2[[#This Row],[Cantidad]]*Tabla2[[#This Row],[Precio unitario]]","=+Tabla2[[#This Row],[Costo unitario]]*Tabla2[[#This Row],[Cantidad]]","=+Tabla2[[#This Row],[Facturación]]-Tabla2[[#This Row],[Costo total]]","=+Tabla2[[#This Row],[Ganancia]]/Tabla2[[#This Row],[Facturación]]",Rosario,Online,Tarjeta,Empresa,enero,2025,1
V0190,2025-01-25 00:00:00,Ana,C010,Auriculares,Audio,5,60000,30000,"=+Tabla2[[#This Row],[Cantidad]]*Tabla2[[#This Row],[Precio unitario]]","=+Tabla2[[#This Row],[Costo unitario]]*Tabla2[[#This Row],[Cantidad]]","=+Tabla2[[#This Row],[Facturación]]-Tabla2[[#This Row],[Costo total]]","=+Tabla2[[#This Row],[Ganancia]]/Tabla2[[#This Row],[Facturación]]",La Plata,Online,Mercado Pago,Particular,enero,2025,1
V0191,2025-02-02 00:00:00,Pedro,C019,Notebook,Computación,2,800000,650000,"=+Tabla2[[#This Row],[Cantidad]]*Tabla2[[#This Row],[Precio unitario]]","=+Tabla2[[#This Row],[Costo unitario]]*Tabla2[[#This Row],[Cantidad]]","=+Tabla2[[#This Row],[Facturación]]-Tabla2[[#This Row],[Costo total]]","=+Tabla2[[#This Row],[Ganancia]]/Tabla2[[#This Row],[Facturación]]",Buenos Aires,Presencial,Efectivo,PyME,febrero,2025,1
V0192,2025-02-10 00:00:00,Lucía,C006,Mouse,Periféricos,13,25000,12000,"=+Tabla2[[#This Row],[Cantidad]]*Tabla2[[#This Row],[Precio unitario]]","=+Tabla2[[#This Row],[Costo unitario]]*Tabla2[[#This Row],[Cantidad]]","=+Tabla2[[#This Row],[Facturación]]-Tabla2[[#This Row],[Costo total]]","=+Tabla2[[#This Row],[Ganancia]]/Tabla2[[#This Row],[Facturación]]",Córdoba,Online,Transferencia,Particular,febrero,2025,1
V0193,2025-02-18 00:00:00,Juan,C017,Monitor,Monitores,3,250000,180000,"=+Tabla2[[#This Row],[Cantidad]]*Tabla2[[#This Row],[Precio unitario]]","=+Tabla2[[#This Row],[Costo unitario]]*Tabla2[[#This Row],[Cantidad]]","=+Tabla2[[#This Row],[Facturación]]-Tabla2[[#This Row],[Costo total]]","=+Tabla2[[#This Row],[Ganancia]]/Tabla2[[#This Row],[Facturación]]",Mendoza,Online,Tarjeta,Empresa,febrero,2025,1
V0194,2025-02-26 00:00:00,Ana,C002,Teclado,Periféricos,6,40000,22000,"=+Tabla2[[#This Row],[Cantidad]]*Tabla2[[#This Row],[Precio unitario]]","=+Tabla2[[#This Row],[Costo unitario]]*Tabla2[[#This Row],[Cantidad]]","=+Tabla2[[#This Row],[Facturación]]-Tabla2[[#This Row],[Costo total]]","=+Tabla2[[#This Row],[Ganancia]]/Tabla2[[#This Row],[Facturación]]",Rosario,Presencial,Mercado Pago,Particular,febrero,2025,1
V0195,2025-03-06 00:00:00,Pedro,C011,Auriculares,Audio,4,60000,30000,"=+Tabla2[[#This Row],[Cantidad]]*Tabla2[[#This Row],[Precio unitario]]","=+Tabla2[[#This Row],[Costo unitario]]*Tabla2[[#This Row],[Cantidad]]","=+Tabla2[[#This Row],[Facturación]]-Tabla2[[#This Row],[Costo total]]","=+Tabla2[[#This Row],[Ganancia]]/Tabla2[[#This Row],[Facturación]]",La Plata,Online,Tarjeta,PyME,marzo,2025,1
V0196,2025-03-14 00:00:00,Lucía,C020,Notebook,Computación,1,800000,650000,"=+Tabla2[[#This Row],[Cantidad]]*Tabla2[[#This Row],[Precio unitario]]","=+Tabla2[[#This Row],[Costo unitario]]*Tabla2[[#This Row],[Cantidad]]","=+Tabla2[[#This Row],[Facturación]]-Tabla2[[#This Row],[Costo total]]","=+Tabla2[[#This Row],[Ganancia]]/Tabla2[[#This Row],[Facturación]]",Buenos Aires,Online,Transferencia,Empresa,marzo,2025,1
V0197,2025-03-22 00:00:00,Juan,C005,Mouse,Periféricos,15,25000,12000,"=+Tabla2[[#This Row],[Cantidad]]*Tabla2[[#This Row],[Precio unitario]]","=+Tabla2[[#This Row],[Costo unitario]]*Tabla2[[#This Row],[Cantidad]]","=+Tabla2[[#This Row],[Facturación]]-Tabla2[[#This Row],[Costo total]]","=+Tabla2[[#This Row],[Ganancia]]/Tabla2[[#This Row],[Facturación]]",Córdoba,Presencial,Efectivo,Particular,marzo,2025,1
V0198,2025-03-30 00:00:00,Ana,C013,Monitor,Monitores,2,250000,180000,"=+Tabla2[[#This Row],[Cantidad]]*Tabla2[[#This Row],[Precio unitario]]","=+Tabla2[[#This Row],[Costo unitario]]*Tabla2[[#This Row],[Cantidad]]","=+Tabla2[[#This Row],[Facturación]]-Tabla2[[#This Row],[Costo total]]","=+Tabla2[[#This Row],[Ganancia]]/Tabla2[[#This Row],[Facturación]]",Mendoza,Online,Mercado Pago,PyME,marzo,2025,1
V0199,2025-04-07 00:00:00,Pedro,C001,Teclado,Periféricos,8,40000,22000,"=+Tabla2[[#This Row],[Cantidad]]*Tabla2[[#This Row],[Precio unitario]]","=+Tabla2[[#This Row],[Costo unitario]]*Tabla2[[#This Row],[Cantidad]]","=+Tabla2[[#This Row],[Facturación]]-Tabla2[[#This Row],[Costo total]]","=+Tabla2[[#This Row],[Ganancia]]/Tabla2[[#This Row],[Facturación]]",Rosario,Online,Tarjeta,Empresa,abril,2025,2
V0200,2025-04-15 00:00:00,Lucía,C009,Auriculares,Audio,7,60000,30000,"=+Tabla2[[#This Row],[Cantidad]]*Tabla2[[#This Row],[Precio unitario]]","=+Tabla2[[#This Row],[Costo unitario]]*Tabla2[[#This Row],[Cantidad]]","=+Tabla2[[#This Row],[Facturación]]-Tabla2[[#This Row],[Costo total]]","=+Tabla2[[#This Row],[Ganancia]]/Tabla2[[#This Row],[Facturación]]",La Plata,Presencial,Transferencia,Particular,abril,2025,2
V0201,2025-04-23 00:00:00,Juan,C016,Notebook,Computación,2,800000,650000,"=+Tabla2[[#This Row],[Cantidad]]*Tabla2[[#This Row],[Precio unitario]]","=+Tabla2[[#This Row],[Costo unitario]]*Tabla2[[#This Row],[Cantidad]]","=+Tabla2[[#This Row],[Facturación]]-Tabla2[[#This Row],[Costo total]]","=+Tabla2[[#This Row],[Ganancia]]/Tabla2[[#This Row],[Facturación]]",Buenos Aires,Online,Tarjeta,Empresa,abril,2025,2
V0202,2025-05-01 00:00:00,Ana,C004,Mouse,Periféricos,8,25000,12000,"=+Tabla2[[#This Row],[Cantidad]]*Tabla2[[#This Row],[Precio unitario]]","=+Tabla2[[#This Row],[Costo unitario]]*Tabla2[[#This Row],[Cantidad]]","=+Tabla2[[#This Row],[Facturación]]-Tabla2[[#This Row],[Costo total]]","=+Tabla2[[#This Row],[Ganancia]]/Tabla2[[#This Row],[Facturación]]",Córdoba,Presencial,Efectivo,Particular,mayo,2025,2
V0203,2025-05-09 00:00:00,Pedro,C012,Monitor,Monitores,1,250000,180000,"=+Tabla2[[#This Row],[Cantidad]]*Tabla2[[#This Row],[Precio unitario]]","=+Tabla2[[#This Row],[Costo unitario]]*Tabla2[[#This Row],[Cantidad]]","=+Tabla2[[#This Row],[Facturación]]-Tabla2[[#This Row],[Costo total]]","=+Tabla2[[#This Row],[Ganancia]]/Tabla2[[#This Row],[Facturación]]",Mendoza,Online,Transferencia,PyME,mayo,2025,2
V0204,2025-05-17 00:00:00,Lucía,C018,Teclado,Periféricos,5,40000,22000,"=+Tabla2[[#This Row],[Cantidad]]*Tabla2[[#This Row],[Precio unitario]]","=+Tabla2[[#This Row],[Costo unitario]]*Tabla2[[#This Row],[Cantidad]]","=+Tabla2[[#This Row],[Facturación]]-Tabla2[[#This Row],[Costo total]]","=+Tabla2[[#This Row],[Ganancia]]/Tabla2[[#This Row],[Facturación]]",Rosario,Online,Mercado Pago,Empresa,mayo,2025,2
V0205,2025-05-25 00:00:00,Juan,C007,Auriculares,Audio,6,60000,30000,"=+Tabla2[[#This Row],[Cantidad]]*Tabla2[[#This Row],[Precio unitario]]","=+Tabla2[[#This Row],[Costo unitario]]*Tabla2[[#This Row],[Cantidad]]","=+Tabla2[[#This Row],[Facturación]]-Tabla2[[#This Row],[Costo total]]","=+Tabla2[[#This Row],[Ganancia]]/Tabla2[[#This Row],[Facturación]]",La Plata,Presencial,Tarjeta,Particular,mayo,2025,2
V0206,2025-06-02 00:00:00,Ana,C015,Notebook,Computación,1,800000,650000,"=+Tabla2[[#This Row],[Cantidad]]*Tabla2[[#This Row],[Precio unitario]]","=+Tabla2[[#This Row],[Costo unitario]]*Tabla2[[#This Row],[Cantidad]]","=+Tabla2[[#This Row],[Facturación]]-Tabla2[[#This Row],[Costo total]]","=+Tabla2[[#This Row],[Ganancia]]/Tabla2[[#This Row],[Facturación]]",Buenos Aires,Online,Transferencia,Empresa,junio,2025,2
V0207,2025-06-10 00:00:00,Pedro,C020,Mouse,Periféricos,10,25000,12000,"=+Tabla2[[#This Row],[Cantidad]]*Tabla2[[#This Row],[Precio unitario]]","=+Tabla2[[#This Row],[Costo unitario]]*Tabla2[[#This Row],[Cantidad]]","=+Tabla2[[#This Row],[Facturación]]-Tabla2[[#This Row],[Costo total]]","=+Tabla2[[#This Row],[Ganancia]]/Tabla2[[#This Row],[Facturación]]",Córdoba,Online,Tarjeta,Particular,junio,2025,2
V0208,2025-06-18 00:00:00,Lucía,C005,Monitor,Monitores,2,250000,180000,"=+Tabla2[[#This Row],[Cantidad]]*Tabla2[[#This Row],[Precio unitario]]","=+Tabla2[[#This Row],[Costo unitario]]*Tabla2[[#This Row],[Cantidad]]","=+Tabla2[[#This Row],[Facturación]]-Tabla2[[#This Row],[Costo total]]","=+Tabla2[[#This Row],[Ganancia]]/Tabla2[[#This Row],[Facturación]]",Mendoza,Presencial,Efectivo,PyME,junio,2025,2
V0209,2025-06-26 00:00:00,Juan,C013,Teclado,Periféricos,7,40000,22000,"=+Tabla2[[#This Row],[Cantidad]]*Tabla2[[#This Row],[Precio unitario]]","=+Tabla2[[#This Row],[Costo unitario]]*Tabla2[[#This Row],[Cantidad]]","=+Tabla2[[#This Row],[Facturación]]-Tabla2[[#This Row],[Costo total]]","=+Tabla2[[#This Row],[Ganancia]]/Tabla2[[#This Row],[Facturación]]",Rosario,Online,Mercado Pago,Empresa,junio,2025,2
V0210,2025-07-04 00:00:00,Ana,C009,Auriculares,Audio,3,60000,30000,"=+Tabla2[[#This Row],[Cantidad]]*Tabla2[[#This Row],[Precio unitario]]","=+Tabla2[[#This Row],[Costo unitario]]*Tabla2[[#This Row],[Cantidad]]","=+Tabla2[[#This Row],[Facturación]]-Tabla2[[#This Row],[Costo total]]","=+Tabla2[[#This Row],[Ganancia]]/Tabla2[[#This Row],[Facturación]]",La Plata,Online,Transferencia,Particular,julio,2025,3
V0211,2025-07-12 00:00:00,Pedro,C001,Notebook,Computación,3,800000,650000,"=+Tabla2[[#This Row],[Cantidad]]*Tabla2[[#This Row],[Precio unitario]]","=+Tabla2[[#This Row],[Costo unitario]]*Tabla2[[#This Row],[Cantidad]]","=+Tabla2[[#This Row],[Facturación]]-Tabla2[[#This Row],[Costo total]]","=+Tabla2[[#This Row],[Ganancia]]/Tabla2[[#This Row],[Facturación]]",Buenos Aires,Presencial,Tarjeta,PyME,julio,2025,3
V0212,2025-07-20 00:00:00,Lucía,C017,Mouse,Periféricos,6,25000,12000,"=+Tabla2[[#This Row],[Cantidad]]*Tabla2[[#This Row],[Precio unitario]]","=+Tabla2[[#This Row],[Costo unitario]]*Tabla2[[#This Row],[Cantidad]]","=+Tabla2[[#This Row],[Facturación]]-Tabla2[[#This Row],[Costo total]]","=+Tabla2[[#This Row],[Ganancia]]/Tabla2[[#This Row],[Facturación]]",Córdoba,Online,Mercado Pago,Particular,julio,2025,3
V0213,2025-07-28 00:00:00,Juan,C003,Monitor,Monitores,4,250000,180000,"=+Tabla2[[#This Row],[Cantidad]]*Tabla2[[#This Row],[Precio unitario]]","=+Tabla2[[#This Row],[Costo unitario]]*Tabla2[[#This Row],[Cantidad]]","=+Tabla2[[#This Row],[Facturación]]-Tabla2[[#This Row],[Costo total]]","=+Tabla2[[#This Row],[Ganancia]]/Tabla2[[#This Row],[Facturación]]",Mendoza,Online,Tarjeta,Empresa,julio,2025,3
V0214,2025-08-05 00:00:00,Ana,C011,Teclado,Periféricos,9,40000,22000,"=+Tabla2[[#This Row],[Cantidad]]*Tabla2[[#This Row],[Precio unitario]]","=+Tabla2[[#This Row],[Costo unitario]]*Tabla2[[#This Row],[Cantidad]]","=+Tabla2[[#This Row],[Facturación]]-Tabla2[[#This Row],[Costo total]]","=+Tabla2[[#This Row],[Ganancia]]/Tabla2[[#This Row],[Facturación]]",Rosario,Presencial,Efectivo,Particular,agosto,2025,3
V0215,2025-08-13 00:00:00,Pedro,C006,Auriculares,Audio,5,60000,30000,"=+Tabla2[[#This Row],[Cantidad]]*Tabla2[[#This Row],[Precio unitario]]","=+Tabla2[[#This Row],[Costo unitario]]*Tabla2[[#This Row],[Cantidad]]","=+Tabla2[[#This Row],[Facturación]]-Tabla2[[#This Row],[Costo total]]","=+Tabla2[[#This Row],[Ganancia]]/Tabla2[[#This Row],[Facturación]]",La Plata,Online,Transferencia,PyME,agosto,2025,3
V0216,2025-08-21 00:00:00,Lucía,C019,Notebook,Computación,2,800000,650000,"=+Tabla2[[#This Row],[Cantidad]]*Tabla2[[#This Row],[Precio unitario]]","=+Tabla2[[#This Row],[Costo unitario]]*Tabla2[[#This Row],[Cantidad]]","=+Tabla2[[#This Row],[Facturación]]-Tabla2[[#This Row],[Costo total]]","=+Tabla2[[#This Row],[Ganancia]]/Tabla2[[#This Row],[Facturación]]",Buenos Aires,Online,Tarjeta,Empresa,agosto,2025,3
V0217,2025-08-29 00:00:00,Juan,C014,Mouse,Periféricos,14,25000,12000,"=+Tabla2[[#This Row],[Cantidad]]*Tabla2[[#This Row],[Precio unitario]]","=+Tabla2[[#This Row],[Costo unitario]]*Tabla2[[#This Row],[Cantidad]]","=+Tabla2[[#This Row],[Facturación]]-Tabla2[[#This Row],[Costo total]]","=+Tabla2[[#This Row],[Ganancia]]/Tabla2[[#This Row],[Facturación]]",Córdoba,Presencial,Mercado Pago,Particular,agosto,2025,3
V0218,2025-09-06 00:00:00,Ana,C002,Monitor,Monitores,2,250000,180000,"=+Tabla2[[#This Row],[Cantidad]]*Tabla2[[#This Row],[Precio unitario]]","=+Tabla2[[#This Row],[Costo unitario]]*Tabla2[[#This Row],[Cantidad]]","=+Tabla2[[#This Row],[Facturación]]-Tabla2[[#This Row],[Costo total]]","=+Tabla2[[#This Row],[Ganancia]]/Tabla2[[#This Row],[Facturación]]",Mendoza,Online,Transferencia,Empresa,septiembre,2025,3
V0219,2025-09-14 00:00:00,Pedro,C008,Teclado,Periféricos,4,40000,22000,"=+Tabla2[[#This Row],[Cantidad]]*Tabla2[[#This Row],[Precio unitario]]","=+Tabla2[[#This Row],[Costo unitario]]*Tabla2[[#This Row],[Cantidad]]","=+Tabla2[[#This Row],[Facturación]]-Tabla2[[#This Row],[Costo total]]","=+Tabla2[[#This Row],[Ganancia]]/Tabla2[[#This Row],[Facturación]]",Rosario,Online,Tarjeta,PyME,septiembre,2025,3
V0220,2025-09-22 00:00:00,Lucía,C010,Auriculares,Audio,8,60000,30000,"=+Tabla2[[#This Row],[Cantidad]]*Tabla2[[#This Row],[Precio unitario]]","=+Tabla2[[#This Row],[Costo unitario]]*Tabla2[[#This Row],[Cantidad]]","=+Tabla2[[#This Row],[Facturación]]-Tabla2[[#This Row],[Costo total]]","=+Tabla2[[#This Row],[Ganancia]]/Tabla2[[#This Row],[Facturación]]",La Plata,Presencial,Efectivo,Particular,septiembre,2025,3
V0221,2025-09-30 00:00:00,Juan,C016,Notebook,Computación,1,800000,650000,"=+Tabla2[[#This Row],[Cantidad]]*Tabla2[[#This Row],[Precio unitario]]","=+Tabla2[[#This Row],[Costo unitario]]*Tabla2[[#This Row],[Cantidad]]","=+Tabla2[[#This Row],[Facturación]]-Tabla2[[#This Row],[Costo total]]","=+Tabla2[[#This Row],[Ganancia]]/Tabla2[[#This Row],[Facturación]]",Buenos Aires,Online,Mercado Pago,Empresa,septiembre,2025,3
V0222,2025-10-08 00:00:00,Ana,C005,Mouse,Periféricos,11,25000,12000,"=+Tabla2[[#This Row],[Cantidad]]*Tabla2[[#This Row],[Precio unitario]]","=+Tabla2[[#This Row],[Costo unitario]]*Tabla2[[#This Row],[Cantidad]]","=+Tabla2[[#This Row],[Facturación]]-Tabla2[[#This Row],[Costo total]]","=+Tabla2[[#This Row],[Ganancia]]/Tabla2[[#This Row],[Facturación]]",Córdoba,Online,Transferencia,Particular,octubre,2025,4
V0223,2025-10-16 00:00:00,Pedro,C012,Monitor,Monitores,3,250000,180000,"=+Tabla2[[#This Row],[Cantidad]]*Tabla2[[#This Row],[Precio unitario]]","=+Tabla2[[#This Row],[Costo unitario]]*Tabla2[[#This Row],[Cantidad]]","=+Tabla2[[#This Row],[Facturación]]-Tabla2[[#This Row],[Costo total]]","=+Tabla2[[#This Row],[Ganancia]]/Tabla2[[#This Row],[Facturación]]",Mendoza,Presencial,Tarjeta,PyME,octubre,2025,4
V0224,2025-10-24 00:00:00,Lucía,C018,Teclado,Periféricos,6,40000,22000,"=+Tabla2[[#This Row],[Cantidad]]*Tabla2[[#This Row],[Precio unitario]]","=+Tabla2[[#This Row],[Costo unitario]]*Tabla2[[#This Row],[Cantidad]]","=+Tabla2[[#This Row],[Facturación]]-Tabla2[[#This Row],[Costo total]]","=+Tabla2[[#This Row],[Ganancia]]/Tabla2[[#This Row],[Facturación]]",Rosario,Online,Mercado Pago,Empresa,octubre,2025,4
V0225,2025-11-01 00:00:00,Juan,C007,Auriculares,Audio,4,60000,30000,"=+Tabla2[[#This Row],[Cantidad]]*Tabla2[[#This Row],[Precio unitario]]","=+Tabla2[[#This Row],[Costo unitario]]*Tabla2[[#This Row],[Cantidad]]","=+Tabla2[[#This Row],[Facturación]]-Tabla2[[#This Row],[Costo total]]","=+Tabla2[[#This Row],[Ganancia]]/Tabla2[[#This Row],[Facturación]]",La Plata,Online,Tarjeta,Particular,noviembre,2025,4
V0226,2025-11-09 00:00:00,Ana,C015,Notebook,Computación,2,800000,650000,"=+Tabla2[[#This Row],[Cantidad]]*Tabla2[[#This Row],[Precio unitario]]","=+Tabla2[[#This Row],[Costo unitario]]*Tabla2[[#This Row],[Cantidad]]","=+Tabla2[[#This Row],[Facturación]]-Tabla2[[#This Row],[Costo total]]","=+Tabla2[[#This Row],[Ganancia]]/Tabla2[[#This Row],[Facturación]]",Buenos Aires,Presencial,Efectivo,Empresa,noviembre,2025,4
V0227,2025-11-17 00:00:00,Pedro,C020,Mouse,Periféricos,16,25000,12000,"=+Tabla2[[#This Row],[Cantidad]]*Tabla2[[#This Row],[Precio unitario]]","=+Tabla2[[#This Row],[Costo unitario]]*Tabla2[[#This Row],[Cantidad]]","=+Tabla2[[#This Row],[Facturación]]-Tabla2[[#This Row],[Costo total]]","=+Tabla2[[#This Row],[Ganancia]]/Tabla2[[#This Row],[Facturación]]",Córdoba,Online,Transferencia,Particular,noviembre,2025,4
V0228,2025-11-25 00:00:00,Lucía,C004,Monitor,Monitores,1,250000,180000,"=+Tabla2[[#This Row],[Cantidad]]*Tabla2[[#This Row],[Precio unitario]]","=+Tabla2[[#This Row],[Costo unitario]]*Tabla2[[#This Row],[Cantidad]]","=+Tabla2[[#This Row],[Facturación]]-Tabla2[[#This Row],[Costo total]]","=+Tabla2[[#This Row],[Ganancia]]/Tabla2[[#This Row],[Facturación]]",Mendoza,Online,Mercado Pago,PyME,noviembre,2025,4
V0229,2025-12-03 00:00:00,Juan,C013,Teclado,Periféricos,8,40000,22000,"=+Tabla2[[#This Row],[Cantidad]]*Tabla2[[#This Row],[Precio unitario]]","=+Tabla2[[#This Row],[Costo unitario]]*Tabla2[[#This Row],[Cantidad]]","=+Tabla2[[#This Row],[Facturación]]-Tabla2[[#This Row],[Costo total]]","=+Tabla2[[#This Row],[Ganancia]]/Tabla2[[#This Row],[Facturación]]",Rosario,Presencial,Tarjeta,Empresa,diciembre,2025,4
V0230,2025-12-11 00:00:00,Ana,C009,Auriculares,Audio,7,60000,30000,"=+Tabla2[[#This Row],[Cantidad]]*Tabla2[[#This Row],[Precio unitario]]","=+Tabla2[[#This Row],[Costo unitario]]*Tabla2[[#This Row],[Cantidad]]","=+Tabla2[[#This Row],[Facturación]]-Tabla2[[#This Row],[Costo total]]","=+Tabla2[[#This Row],[Ganancia]]/Tabla2[[#This Row],[Facturación]]",La Plata,Online,Transferencia,Particular,diciembre,2025,4
V0231,2025-12-19 00:00:00,Pedro,C001,Notebook,Computación,1,800000,650000,"=+Tabla2[[#This Row],[Cantidad]]*Tabla2[[#This Row],[Precio unitario]]","=+Tabla2[[#This Row],[Costo unitario]]*Tabla2[[#This Row],[Cantidad]]","=+Tabla2[[#This Row],[Facturación]]-Tabla2[[#This Row],[Costo total]]","=+Tabla2[[#This Row],[Ganancia]]/Tabla2[[#This Row],[Facturación]]",Buenos Aires,Online,Tarjeta,PyME,diciembre,2025,4
V0232,2025-12-27 00:00:00,Lucía,C017,Mouse,Periféricos,9,25000,12000,"=+Tabla2[[#This Row],[Cantidad]]*Tabla2[[#This Row],[Precio unitario]]","=+Tabla2[[#This Row],[Costo unitario]]*Tabla2[[#This Row],[Cantidad]]","=+Tabla2[[#This Row],[Facturación]]-Tabla2[[#This Row],[Costo total]]","=+Tabla2[[#This Row],[Ganancia]]/Tabla2[[#This Row],[Facturación]]",Córdoba,Presencial,Efectivo,Particular,diciembre,2025,4
V0233,2026-01-04 00:00:00,Juan,C003,Monitor,Monitores,2,250000,180000,"=+Tabla2[[#This Row],[Cantidad]]*Tabla2[[#This Row],[Precio unitario]]","=+Tabla2[[#This Row],[Costo unitario]]*Tabla2[[#This Row],[Cantidad]]","=+Tabla2[[#This Row],[Facturación]]-Tabla2[[#This Row],[Costo total]]","=+Tabla2[[#This Row],[Ganancia]]/Tabla2[[#This Row],[Facturación]]",Mendoza,Online,Mercado Pago,Empresa,enero,2026,1
V0234,2026-01-12 00:00:00,Ana,C011,Teclado,Periféricos,5,40000,22000,"=+Tabla2[[#This Row],[Cantidad]]*Tabla2[[#This Row],[Precio unitario]]","=+Tabla2[[#This Row],[Costo unitario]]*Tabla2[[#This Row],[Cantidad]]","=+Tabla2[[#This Row],[Facturación]]-Tabla2[[#This Row],[Costo total]]","=+Tabla2[[#This Row],[Ganancia]]/Tabla2[[#This Row],[Facturación]]",Rosario,Online,Transferencia,Particular,enero,2026,1
V0235,2026-01-20 00:00:00,Pedro,C006,Auriculares,Audio,6,60000,30000,"=+Tabla2[[#This Row],[Cantidad]]*Tabla2[[#This Row],[Precio unitario]]","=+Tabla2[[#This Row],[Costo unitario]]*Tabla2[[#This Row],[Cantidad]]","=+Tabla2[[#This Row],[Facturación]]-Tabla2[[#This Row],[Costo total]]","=+Tabla2[[#This Row],[Ganancia]]/Tabla2[[#This Row],[Facturación]]",La Plata,Presencial,Tarjeta,PyME,enero,2026,1
V0236,2026-01-28 00:00:00,Lucía,C019,Notebook,Computación,3,800000,650000,"=+Tabla2[[#This Row],[Cantidad]]*Tabla2[[#This Row],[Precio unitario]]","=+Tabla2[[#This Row],[Costo unitario]]*Tabla2[[#This Row],[Cantidad]]","=+Tabla2[[#This Row],[Facturación]]-Tabla2[[#This Row],[Costo total]]","=+Tabla2[[#This Row],[Ganancia]]/Tabla2[[#This Row],[Facturación]]",Buenos Aires,Online,Tarjeta,Empresa,enero,2026,1
V0237,2026-02-05 00:00:00,Juan,C014,Mouse,Periféricos,7,25000,12000,"=+Tabla2[[#This Row],[Cantidad]]*Tabla2[[#This Row],[Precio unitario]]","=+Tabla2[[#This Row],[Costo unitario]]*Tabla2[[#This Row],[Cantidad]]","=+Tabla2[[#This Row],[Facturación]]-Tabla2[[#This Row],[Costo total]]","=+Tabla2[[#This Row],[Ganancia]]/Tabla2[[#This Row],[Facturación]]",Córdoba,Online,Mercado Pago,Particular,febrero,2026,1
V0238,2026-02-13 00:00:00,Ana,C002,Monitor,Monitores,1,250000,180000,"=+Tabla2[[#This Row],[Cantidad]]*Tabla2[[#This Row],[Precio unitario]]","=+Tabla2[[#This Row],[Costo unitario]]*Tabla2[[#This Row],[Cantidad]]","=+Tabla2[[#This Row],[Facturación]]-Tabla2[[#This Row],[Costo total]]","=+Tabla2[[#This Row],[Ganancia]]/Tabla2[[#This Row],[Facturación]]",Mendoza,Presencial,Efectivo,Empresa,febrero,2026,1
V0239,2026-02-21 00:00:00,Pedro,C008,Teclado,Periféricos,10,40000,22000,"=+Tabla2[[#This Row],[Cantidad]]*Tabla2[[#This Row],[Precio unitario]]","=+Tabla2[[#This Row],[Costo unitario]]*Tabla2[[#This Row],[Cantidad]]","=+Tabla2[[#This Row],[Facturación]]-Tabla2[[#This Row],[Costo total]]","=+Tabla2[[#This Row],[Ganancia]]/Tabla2[[#This Row],[Facturación]]",Rosario,Online,Transferencia,PyME,febrero,2026,1
V0240,2026-03-01 00:00:00,Lucía,C010,Auriculares,Audio,3,60000,30000,"=+Tabla2[[#This Row],[Cantidad]]*Tabla2[[#This Row],[Precio unitario]]","=+Tabla2[[#This Row],[Costo unitario]]*Tabla2[[#This Row],[Cantidad]]","=+Tabla2[[#This Row],[Facturación]]-Tabla2[[#This Row],[Costo total]]","=+Tabla2[[#This Row],[Ganancia]]/Tabla2[[#This Row],[Facturación]]",La Plata,Online,Tarjeta,Particular,marzo,2026,1
V0241,2026-03-09 00:00:00,Juan,C016,Notebook,Computación,2,800000,650000,"=+Tabla2[[#This Row],[Cantidad]]*Tabla2[[#This Row],[Precio unitario]]","=+Tabla2[[#This Row],[Costo unitario]]*Tabla2[[#This Row],[Cantidad]]","=+Tabla2[[#This Row],[Facturación]]-Tabla2[[#This Row],[Costo total]]","=+Tabla2[[#This Row],[Ganancia]]/Tabla2[[#This Row],[Facturación]]",Buenos Aires,Presencial,Efectivo,Empresa,marzo,2026,1
V0242,2026-03-17 00:00:00,Ana,C005,Mouse,Periféricos,12,25000,12000,"=+Tabla2[[#This Row],[Cantidad]]*Tabla2[[#This Row],[Precio unitario]]","=+Tabla2[[#This Row],[Costo unitario]]*Tabla2[[#This Row],[Cantidad]]","=+Tabla2[[#This Row],[Facturación]]-Tabla2[[#This Row],[Costo total]]","=+Tabla2[[#This Row],[Ganancia]]/Tabla2[[#This Row],[Facturación]]",Córdoba,Online,Mercado Pago,Particular,marzo,2026,1
V0243,2026-03-25 00:00:00,Pedro,C012,Monitor,Monitores,3,250000,180000,"=+Tabla2[[#This Row],[Cantidad]]*Tabla2[[#This Row],[Precio unitario]]","=+Tabla2[[#This Row],[Costo unitario]]*Tabla2[[#This Row],[Cantidad]]","=+Tabla2[[#This Row],[Facturación]]-Tabla2[[#This Row],[Costo total]]","=+Tabla2[[#This Row],[Ganancia]]/Tabla2[[#This Row],[Facturación]]",Mendoza,Online,Transferencia,PyME,marzo,2026,1
V0244,2026-04-02 00:00:00,Lucía,C018,Teclado,Periféricos,7,40000,22000,"=+Tabla2[[#This Row],[Cantidad]]*Tabla2[[#This Row],[Precio unitario]]","=+Tabla2[[#This Row],[Costo unitario]]*Tabla2[[#This Row],[Cantidad]]","=+Tabla2[[#This Row],[Facturación]]-Tabla2[[#This Row],[Costo total]]","=+Tabla2[[#This Row],[Ganancia]]/Tabla2[[#This Row],[Facturación]]",Rosario,Presencial,Tarjeta,Empresa,abril,2026,2
V0245,2026-04-10 00:00:00,Juan,C007,Auriculares,Audio,5,60000,30000,"=+Tabla2[[#This Row],[Cantidad]]*Tabla2[[#This Row],[Precio unitario]]","=+Tabla2[[#This Row],[Costo unitario]]*Tabla2[[#This Row],[Cantidad]]","=+Tabla2[[#This Row],[Facturación]]-Tabla2[[#This Row],[Costo total]]","=+Tabla2[[#This Row],[Ganancia]]/Tabla2[[#This Row],[Facturación]]",La Plata,Online,Mercado Pago,Particular,abril,2026,2
V0246,2026-04-18 00:00:00,Ana,C015,Notebook,Computación,1,800000,650000,"=+Tabla2[[#This Row],[Cantidad]]*Tabla2[[#This Row],[Precio unitario]]","=+Tabla2[[#This Row],[Costo unitario]]*Tabla2[[#This Row],[Cantidad]]","=+Tabla2[[#This Row],[Facturación]]-Tabla2[[#This Row],[Costo total]]","=+Tabla2[[#This Row],[Ganancia]]/Tabla2[[#This Row],[Facturación]]",Buenos Aires,Online,Tarjeta,Empresa,abril,2026,2
V0247,2026-04-26 00:00:00,Pedro,C020,Mouse,Periféricos,15,25000,12000,"=+Tabla2[[#This Row],[Cantidad]]*Tabla2[[#This Row],[Precio unitario]]","=+Tabla2[[#This Row],[Costo unitario]]*Tabla2[[#This Row],[Cantidad]]","=+Tabla2[[#This Row],[Facturación]]-Tabla2[[#This Row],[Costo total]]","=+Tabla2[[#This Row],[Ganancia]]/Tabla2[[#This Row],[Facturación]]",Córdoba,Presencial,Efectivo,PyME,abril,2026,2
V0248,2026-05-04 00:00:00,Lucía,C004,Monitor,Monitores,2,250000,180000,"=+Tabla2[[#This Row],[Cantidad]]*Tabla2[[#This Row],[Precio unitario]]","=+Tabla2[[#This Row],[Costo unitario]]*Tabla2[[#This Row],[Cantidad]]","=+Tabla2[[#This Row],[Facturación]]-Tabla2[[#This Row],[Costo total]]","=+Tabla2[[#This Row],[Ganancia]]/Tabla2[[#This Row],[Facturación]]",Mendoza,Online,Transferencia,Particular,mayo,2026,2
V0249,2026-05-12 00:00:00,Juan,C013,Teclado,Periféricos,4,40000,22000,"=+Tabla2[[#This Row],[Cantidad]]*Tabla2[[#This Row],[Precio unitario]]","=+Tabla2[[#This Row],[Costo unitario]]*Tabla2[[#This Row],[Cantidad]]","=+Tabla2[[#This Row],[Facturación]]-Tabla2[[#This Row],[Costo total]]","=+Tabla2[[#This Row],[Ganancia]]/Tabla2[[#This Row],[Facturación]]",Rosario,Online,Mercado Pago,Empresa,mayo,2026,2
V0250,2026-05-20 00:00:00,Ana,C009,Auriculares,Audio,8,60000,30000,"=+Tabla2[[#This Row],[Cantidad]]*Tabla2[[#This Row],[Precio unitario]]","=+Tabla2[[#This Row],[Costo unitario]]*Tabla2[[#This Row],[Cantidad]]","=+Tabla2[[#This Row],[Facturación]]-Tabla2[[#This Row],[Costo total]]","=+Tabla2[[#This Row],[Ganancia]]/Tabla2[[#This Row],[Facturación]]",La Plata,Presencial,Tarjeta,Particular,mayo,2026,2
V0251,2026-05-28 00:00:00,Pedro,C001,Notebook,Computación,2,800000,650000,"=+Tabla2[[#This Row],[Cantidad]]*Tabla2[[#This Row],[Precio unitario]]","=+Tabla2[[#This Row],[Costo unitario]]*Tabla2[[#This Row],[Cantidad]]","=+Tabla2[[#This Row],[Facturación]]-Tabla2[[#This Row],[Costo total]]","=+Tabla2[[#This Row],[Ganancia]]/Tabla2[[#This Row],[Facturación]]",Buenos Aires,Online,Transferencia,PyME,mayo,2026,2
V0252,2026-06-05 00:00:00,Lucía,C017,Mouse,Periféricos,10,25000,12000,"=+Tabla2[[#This Row],[Cantidad]]*Tabla2[[#This Row],[Precio unitario]]","=+Tabla2[[#This Row],[Costo unitario]]*Tabla2[[#This Row],[Cantidad]]","=+Tabla2[[#This Row],[Facturación]]-Tabla2[[#This Row],[Costo total]]","=+Tabla2[[#This Row],[Ganancia]]/Tabla2[[#This Row],[Facturación]]",Córdoba,Online,Tarjeta,Empresa,junio,2026,2
V0253,2026-06-13 00:00:00,Juan,C003,Monitor,Monitores,1,250000,180000,"=+Tabla2[[#This Row],[Cantidad]]*Tabla2[[#This Row],[Precio unitario]]","=+Tabla2[[#This Row],[Costo unitario]]*Tabla2[[#This Row],[Cantidad]]","=+Tabla2[[#This Row],[Facturación]]-Tabla2[[#This Row],[Costo total]]","=+Tabla2[[#This Row],[Ganancia]]/Tabla2[[#This Row],[Facturación]]",Mendoza,Presencial,Efectivo,Particular,junio,2026,2
V0254,2026-06-21 00:00:00,Ana,C011,Teclado,Periféricos,9,40000,22000,"=+Tabla2[[#This Row],[Cantidad]]*Tabla2[[#This Row],[Precio unitario]]","=+Tabla2[[#This Row],[Costo unitario]]*Tabla2[[#This Row],[Cantidad]]","=+Tabla2[[#This Row],[Facturación]]-Tabla2[[#This Row],[Costo total]]","=+Tabla2[[#This Row],[Ganancia]]/Tabla2[[#This Row],[Facturación]]",Rosario,Online,Mercado Pago,Empresa,junio,2026,2
V0255,2026-06-29 00:00:00,Pedro,C006,Auriculares,Audio,4,60000,30000,"=+Tabla2[[#This Row],[Cantidad]]*Tabla2[[#This Row],[Precio unitario]]","=+Tabla2[[#This Row],[Costo unitario]]*Tabla2[[#This Row],[Cantidad]]","=+Tabla2[[#This Row],[Facturación]]-Tabla2[[#This Row],[Costo total]]","=+Tabla2[[#This Row],[Ganancia]]/Tabla2[[#This Row],[Facturación]]",La Plata,Online,Transferencia,PyME,junio,2026,2
V0256,2026-07-07 00:00:00,Lucía,C019,Notebook,Computación,1,800000,650000,"=+Tabla2[[#This Row],[Cantidad]]*Tabla2[[#This Row],[Precio unitario]]","=+Tabla2[[#This Row],[Costo unitario]]*Tabla2[[#This Row],[Cantidad]]","=+Tabla2[[#This Row],[Facturación]]-Tabla2[[#This Row],[Costo total]]","=+Tabla2[[#This Row],[Ganancia]]/Tabla2[[#This Row],[Facturación]]",Buenos Aires,Presencial,Tarjeta,Particular,julio,2026,3
V0257,2026-07-15 00:00:00,Juan,C014,Mouse,Periféricos,13,25000,12000,"=+Tabla2[[#This Row],[Cantidad]]*Tabla2[[#This Row],[Precio unitario]]","=+Tabla2[[#This Row],[Costo unitario]]*Tabla2[[#This Row],[Cantidad]]","=+Tabla2[[#This Row],[Facturación]]-Tabla2[[#This Row],[Costo total]]","=+Tabla2[[#This Row],[Ganancia]]/Tabla2[[#This Row],[Facturación]]",Córdoba,Online,Mercado Pago,Empresa,julio,2026,3
V0258,2026-07-23 00:00:00,Ana,C002,Monitor,Monitores,2,250000,180000,"=+Tabla2[[#This Row],[Cantidad]]*Tabla2[[#This Row],[Precio unitario]]","=+Tabla2[[#This Row],[Costo unitario]]*Tabla2[[#This Row],[Cantidad]]","=+Tabla2[[#This Row],[Facturación]]-Tabla2[[#This Row],[Costo total]]","=+Tabla2[[#This Row],[Ganancia]]/Tabla2[[#This Row],[Facturación]]",Mendoza,Online,Transferencia,PyME,julio,2026,3
V0259,2026-07-31 00:00:00,Pedro,C008,Teclado,Periféricos,6,40000,22000,"=+Tabla2[[#This Row],[Cantidad]]*Tabla2[[#This Row],[Precio unitario]]","=+Tabla2[[#This Row],[Costo unitario]]*Tabla2[[#This Row],[Cantidad]]","=+Tabla2[[#This Row],[Facturación]]-Tabla2[[#This Row],[Costo total]]","=+Tabla2[[#This Row],[Ganancia]]/Tabla2[[#This Row],[Facturación]]",Rosario,Presencial,Efectivo,Particular,julio,2026,3
V0260,2026-08-08 00:00:00,Lucía,C010,Auriculares,Audio,7,60000,30000,"=+Tabla2[[#This Row],[Cantidad]]*Tabla2[[#This Row],[Precio unitario]]","=+Tabla2[[#This Row],[Costo unitario]]*Tabla2[[#This Row],[Cantidad]]","=+Tabla2[[#This Row],[Facturación]]-Tabla2[[#This Row],[Costo total]]","=+Tabla2[[#This Row],[Ganancia]]/Tabla2[[#This Row],[Facturación]]",La Plata,Online,Tarjeta,Empresa,agosto,2026,3
V0261,2026-08-16 00:00:00,Juan,C016,Notebook,Computación,3,800000,650000,"=+Tabla2[[#This Row],[Cantidad]]*Tabla2[[#This Row],[Precio unitario]]","=+Tabla2[[#This Row],[Costo unitario]]*Tabla2[[#This Row],[Cantidad]]","=+Tabla2[[#This Row],[Facturación]]-Tabla2[[#This Row],[Costo total]]","=+Tabla2[[#This Row],[Ganancia]]/Tabla2[[#This Row],[Facturación]]",Buenos Aires,Online,Transferencia,PyME,agosto,2026,3
V0262,2026-08-24 00:00:00,Ana,C005,Mouse,Periféricos,8,25000,12000,"=+Tabla2[[#This Row],[Cantidad]]*Tabla2[[#This Row],[Precio unitario]]","=+Tabla2[[#This Row],[Costo unitario]]*Tabla2[[#This Row],[Cantidad]]","=+Tabla2[[#This Row],[Facturación]]-Tabla2[[#This Row],[Costo total]]","=+Tabla2[[#This Row],[Ganancia]]/Tabla2[[#This Row],[Facturación]]",Córdoba,Presencial,Mercado Pago,Particular,agosto,2026,3
V0263,2026-09-01 00:00:00,Pedro,C012,Monitor,Monitores,3,250000,180000,"=+Tabla2[[#This Row],[Cantidad]]*Tabla2[[#This Row],[Precio unitario]]","=+Tabla2[[#This Row],[Costo unitario]]*Tabla2[[#This Row],[Cantidad]]","=+Tabla2[[#This Row],[Facturación]]-Tabla2[[#This Row],[Costo total]]","=+Tabla2[[#This Row],[Ganancia]]/Tabla2[[#This Row],[Facturación]]",Mendoza,Online,Tarjeta,Empresa,septiembre,2026,3
V0264,2026-09-09 00:00:00,Lucía,C018,Teclado,Periféricos,5,40000,22000,"=+Tabla2[[#This Row],[Cantidad]]*Tabla2[[#This Row],[Precio unitario]]","=+Tabla2[[#This Row],[Costo unitario]]*Tabla2[[#This Row],[Cantidad]]","=+Tabla2[[#This Row],[Facturación]]-Tabla2[[#This Row],[Costo total]]","=+Tabla2[[#This Row],[Ganancia]]/Tabla2[[#This Row],[Facturación]]",Rosario,Online,Transferencia,PyME,septiembre,2026,3
V0265,2026-09-17 00:00:00,Juan,C007,Auriculares,Audio,6,60000,30000,"=+Tabla2[[#This Row],[Cantidad]]*Tabla2[[#This Row],[Precio unitario]]","=+Tabla2[[#This Row],[Costo unitario]]*Tabla2[[#This Row],[Cantidad]]","=+Tabla2[[#This Row],[Facturación]]-Tabla2[[#This Row],[Costo total]]","=+Tabla2[[#This Row],[Ganancia]]/Tabla2[[#This Row],[Facturación]]",La Plata,Presencial,Efectivo,Particular,septiembre,2026,3
V0266,2026-09-25 00:00:00,Ana,C015,Notebook,Computación,2,800000,650000,"=+Tabla2[[#This Row],[Cantidad]]*Tabla2[[#This Row],[Precio unitario]]","=+Tabla2[[#This Row],[Costo unitario]]*Tabla2[[#This Row],[Cantidad]]","=+Tabla2[[#This Row],[Facturación]]-Tabla2[[#This Row],[Costo total]]","=+Tabla2[[#This Row],[Ganancia]]/Tabla2[[#This Row],[Facturación]]",Buenos Aires,Online,Mercado Pago,Empresa,septiembre,2026,3
V0267,2026-10-03 00:00:00,Pedro,C020,Mouse,Periféricos,11,25000,12000,"=+Tabla2[[#This Row],[Cantidad]]*Tabla2[[#This Row],[Precio unitario]]","=+Tabla2[[#This Row],[Costo unitario]]*Tabla2[[#This Row],[Cantidad]]","=+Tabla2[[#This Row],[Facturación]]-Tabla2[[#This Row],[Costo total]]","=+Tabla2[[#This Row],[Ganancia]]/Tabla2[[#This Row],[Facturación]]",Córdoba,Online,Tarjeta,PyME,octubre,2026,4
V0268,2026-10-11 00:00:00,Lucía,C004,Monitor,Monitores,1,250000,180000,"=+Tabla2[[#This Row],[Cantidad]]*Tabla2[[#This Row],[Precio unitario]]","=+Tabla2[[#This Row],[Costo unitario]]*Tabla2[[#This Row],[Cantidad]]","=+Tabla2[[#This Row],[Facturación]]-Tabla2[[#This Row],[Costo total]]","=+Tabla2[[#This Row],[Ganancia]]/Tabla2[[#This Row],[Facturación]]",Mendoza,Presencial,Efectivo,Particular,octubre,2026,4
V0269,2026-10-19 00:00:00,Juan,C013,Teclado,Periféricos,8,40000,22000,"=+Tabla2[[#This Row],[Cantidad]]*Tabla2[[#This Row],[Precio unitario]]","=+Tabla2[[#This Row],[Costo unitario]]*Tabla2[[#This Row],[Cantidad]]","=+Tabla2[[#This Row],[Facturación]]-Tabla2[[#This Row],[Costo total]]","=+Tabla2[[#This Row],[Ganancia]]/Tabla2[[#This Row],[Facturación]]",Rosario,Online,Transferencia,Empresa,octubre,2026,4
V0270,2026-10-27 00:00:00,Ana,C009,Auriculares,Audio,4,60000,30000,"=+Tabla2[[#This Row],[Cantidad]]*Tabla2[[#This Row],[Precio unitario]]","=+Tabla2[[#This Row],[Costo unitario]]*Tabla2[[#This Row],[Cantidad]]","=+Tabla2[[#This Row],[Facturación]]-Tabla2[[#This Row],[Costo total]]","=+Tabla2[[#This Row],[Ganancia]]/Tabla2[[#This Row],[Facturación]]",La Plata,Online,Mercado Pago,Particular,octubre,2026,4
V0271,2026-11-04 00:00:00,Pedro,C001,Notebook,Computación,1,800000,650000,"=+Tabla2[[#This Row],[Cantidad]]*Tabla2[[#This Row],[Precio unitario]]","=+Tabla2[[#This Row],[Costo unitario]]*Tabla2[[#This Row],[Cantidad]]","=+Tabla2[[#This Row],[Facturación]]-Tabla2[[#This Row],[Costo total]]","=+Tabla2[[#This Row],[Ganancia]]/Tabla2[[#This Row],[Facturación]]",Buenos Aires,Presencial,Tarjeta,PyME,noviembre,2026,4
V0272,2026-11-12 00:00:00,Lucía,C017,Mouse,Periféricos,14,25000,12000,"=+Tabla2[[#This Row],[Cantidad]]*Tabla2[[#This Row],[Precio unitario]]","=+Tabla2[[#This Row],[Costo unitario]]*Tabla2[[#This Row],[Cantidad]]","=+Tabla2[[#This Row],[Facturación]]-Tabla2[[#This Row],[Costo total]]","=+Tabla2[[#This Row],[Ganancia]]/Tabla2[[#This Row],[Facturación]]",Córdoba,Online,Transferencia,Empresa,noviembre,2026,4
V0273,2026-11-20 00:00:00,Juan,C003,Monitor,Monitores,2,250000,180000,"=+Tabla2[[#This Row],[Cantidad]]*Tabla2[[#This Row],[Precio unitario]]","=+Tabla2[[#This Row],[Costo unitario]]*Tabla2[[#This Row],[Cantidad]]","=+Tabla2[[#This Row],[Facturación]]-Tabla2[[#This Row],[Costo total]]","=+Tabla2[[#This Row],[Ganancia]]/Tabla2[[#This Row],[Facturación]]",Mendoza,Online,Tarjeta,Particular,noviembre,2026,4
V0274,2026-11-28 00:00:00,Ana,C011,Teclado,Periféricos,10,40000,22000,"=+Tabla2[[#This Row],[Cantidad]]*Tabla2[[#This Row],[Precio unitario]]","=+Tabla2[[#This Row],[Costo unitario]]*Tabla2[[#This Row],[Cantidad]]","=+Tabla2[[#This Row],[Facturación]]-Tabla2[[#This Row],[Costo total]]","=+Tabla2[[#This Row],[Ganancia]]/Tabla2[[#This Row],[Facturación]]",Rosario,Presencial,Efectivo,Empresa,noviembre,2026,4
V0275,2026-12-06 00:00:00,Pedro,C006,Auriculares,Audio,5,60000,30000,"=+Tabla2[[#This Row],[Cantidad]]*Tabla2[[#This Row],[Precio unitario]]","=+Tabla2[[#This Row],[Costo unitario]]*Tabla2[[#This Row],[Cantidad]]","=+Tabla2[[#This Row],[Facturación]]-Tabla2[[#This Row],[Costo total]]","=+Tabla2[[#This Row],[Ganancia]]/Tabla2[[#This Row],[Facturación]]",La Plata,Online,Mercado Pago,PyME,diciembre,2026,4
V0276,2026-12-14 00:00:00,Lucía,C019,Notebook,Computación,2,800000,650000,"=+Tabla2[[#This Row],[Cantidad]]*Tabla2[[#This Row],[Precio unitario]]","=+Tabla2[[#This Row],[Costo unitario]]*Tabla2[[#This Row],[Cantidad]]","=+Tabla2[[#This Row],[Facturación]]-Tabla2[[#This Row],[Costo total]]","=+Tabla2[[#This Row],[Ganancia]]/Tabla2[[#This Row],[Facturación]]",Buenos Aires,Online,Transferencia,Particular,diciembre,2026,4
V0277,2026-12-22 00:00:00,Juan,C014,Mouse,Periféricos,9,25000,12000,"=+Tabla2[[#This Row],[Cantidad]]*Tabla2[[#This Row],[Precio unitario]]","=+Tabla2[[#This Row],[Costo unitario]]*Tabla2[[#This Row],[Cantidad]]","=+Tabla2[[#This Row],[Facturación]]-Tabla2[[#This Row],[Costo total]]","=+Tabla2[[#This Row],[Ganancia]]/Tabla2[[#This Row],[Facturación]]",Córdoba,Presencial,Tarjeta,Empresa,diciembre,2026,4
V0278,2026-12-30 00:00:00,Ana,C002,Monitor,Monitores,3,250000,180000,"=+Tabla2[[#This Row],[Cantidad]]*Tabla2[[#This Row],[Precio unitario]]","=+Tabla2[[#This Row],[Costo unitario]]*Tabla2[[#This Row],[Cantidad]]","=+Tabla2[[#This Row],[Facturación]]-Tabla2[[#This Row],[Costo total]]","=+Tabla2[[#This Row],[Ganancia]]/Tabla2[[#This Row],[Facturación]]",Mendoza,Online,Mercado Pago,PyME,diciembre,2026,4
V0279,2025-01-06 00:00:00,Pedro,C008,Teclado,Periféricos,7,40000,22000,"=+Tabla2[[#This Row],[Cantidad]]*Tabla2[[#This Row],[Precio unitario]]","=+Tabla2[[#This Row],[Costo unitario]]*Tabla2[[#This Row],[Cantidad]]","=+Tabla2[[#This Row],[Facturación]]-Tabla2[[#This Row],[Costo total]]","=+Tabla2[[#This Row],[Ganancia]]/Tabla2[[#This Row],[Facturación]]",Rosario,Online,Transferencia,Particular,enero,2025,1
V0280,2025-01-14 00:00:00,Lucía,C010,Auriculares,Audio,2,60000,30000,"=+Tabla2[[#This Row],[Cantidad]]*Tabla2[[#This Row],[Precio unitario]]","=+Tabla2[[#This Row],[Costo unitario]]*Tabla2[[#This Row],[Cantidad]]","=+Tabla2[[#This Row],[Facturación]]-Tabla2[[#This Row],[Costo total]]","=+Tabla2[[#This Row],[Ganancia]]/Tabla2[[#This Row],[Facturación]]",La Plata,Presencial,Efectivo,Empresa,enero,2025,1
V0281,2025-01-22 00:00:00,Juan,C016,Notebook,Computación,2,800000,650000,"=+Tabla2[[#This Row],[Cantidad]]*Tabla2[[#This Row],[Precio unitario]]","=+Tabla2[[#This Row],[Costo unitario]]*Tabla2[[#This Row],[Cantidad]]","=+Tabla2[[#This Row],[Facturación]]-Tabla2[[#This Row],[Costo total]]","=+Tabla2[[#This Row],[Ganancia]]/Tabla2[[#This Row],[Facturación]]",Buenos Aires,Online,Tarjeta,PyME,enero,2025,1
V0282,2025-01-30 00:00:00,Ana,C005,Mouse,Periféricos,15,25000,12000,"=+Tabla2[[#This Row],[Cantidad]]*Tabla2[[#This Row],[Precio unitario]]","=+Tabla2[[#This Row],[Costo unitario]]*Tabla2[[#This Row],[Cantidad]]","=+Tabla2[[#This Row],[Facturación]]-Tabla2[[#This Row],[Costo total]]","=+Tabla2[[#This Row],[Ganancia]]/Tabla2[[#This Row],[Facturación]]",Córdoba,Online,Mercado Pago,Particular,enero,2025,1
V0283,2025-02-07 00:00:00,Pedro,C012,Monitor,Monitores,2,250000,180000,"=+Tabla2[[#This Row],[Cantidad]]*Tabla2[[#This Row],[Precio unitario]]","=+Tabla2[[#This Row],[Costo unitario]]*Tabla2[[#This Row],[Cantidad]]","=+Tabla2[[#This Row],[Facturación]]-Tabla2[[#This Row],[Costo total]]","=+Tabla2[[#This Row],[Ganancia]]/Tabla2[[#This Row],[Facturación]]",Mendoza,Presencial,Efectivo,Empresa,febrero,2025,1
V0284,2025-02-15 00:00:00,Lucía,C018,Teclado,Periféricos,4,40000,22000,"=+Tabla2[[#This Row],[Cantidad]]*Tabla2[[#This Row],[Precio unitario]]","=+Tabla2[[#This Row],[Costo unitario]]*Tabla2[[#This Row],[Cantidad]]","=+Tabla2[[#This Row],[Facturación]]-Tabla2[[#This Row],[Costo total]]","=+Tabla2[[#This Row],[Ganancia]]/Tabla2[[#This Row],[Facturación]]",Rosario,Online,Transferencia,PyME,febrero,2025,1
V0285,2025-02-23 00:00:00,Juan,C007,Auriculares,Audio,8,60000,30000,"=+Tabla2[[#This Row],[Cantidad]]*Tabla2[[#This Row],[Precio unitario]]","=+Tabla2[[#This Row],[Costo unitario]]*Tabla2[[#This Row],[Cantidad]]","=+Tabla2[[#This Row],[Facturación]]-Tabla2[[#This Row],[Costo total]]","=+Tabla2[[#This Row],[Ganancia]]/Tabla2[[#This Row],[Facturación]]",La Plata,Online,Tarjeta,Particular,febrero,2025,1
V0286,2025-03-03 00:00:00,Ana,C015,Notebook,Computación,1,800000,650000,"=+Tabla2[[#This Row],[Cantidad]]*Tabla2[[#This Row],[Precio unitario]]","=+Tabla2[[#This Row],[Costo unitario]]*Tabla2[[#This Row],[Cantidad]]","=+Tabla2[[#This Row],[Facturación]]-Tabla2[[#This Row],[Costo total]]","=+Tabla2[[#This Row],[Ganancia]]/Tabla2[[#This Row],[Facturación]]",Buenos Aires,Presencial,Efectivo,Empresa,marzo,2025,1
V0287,2025-03-11 00:00:00,Pedro,C020,Mouse,Periféricos,6,25000,12000,"=+Tabla2[[#This Row],[Cantidad]]*Tabla2[[#This Row],[Precio unitario]]","=+Tabla2[[#This Row],[Costo unitario]]*Tabla2[[#This Row],[Cantidad]]","=+Tabla2[[#This Row],[Facturación]]-Tabla2[[#This Row],[Costo total]]","=+Tabla2[[#This Row],[Ganancia]]/Tabla2[[#This Row],[Facturación]]",Córdoba,Online,Mercado Pago,PyME,marzo,2025,1
V0288,2025-03-19 00:00:00,Lucía,C004,Monitor,Monitores,4,250000,180000,"=+Tabla2[[#This Row],[Cantidad]]*Tabla2[[#This Row],[Precio unitario]]","=+Tabla2[[#This Row],[Costo unitario]]*Tabla2[[#This Row],[Cantidad]]","=+Tabla2[[#This Row],[Facturación]]-Tabla2[[#This Row],[Costo total]]","=+Tabla2[[#This Row],[Ganancia]]/Tabla2[[#This Row],[Facturación]]",Mendoza,Online,Transferencia,Particular,marzo,2025,1
V0289,2025-03-27 00:00:00,Juan,C013,Teclado,Periféricos,9,40000,22000,"=+Tabla2[[#This Row],[Cantidad]]*Tabla2[[#This Row],[Precio unitario]]","=+Tabla2[[#This Row],[Costo unitario]]*Tabla2[[#This Row],[Cantidad]]","=+Tabla2[[#This Row],[Facturación]]-Tabla2[[#This Row],[Costo total]]","=+Tabla2[[#This Row],[Ganancia]]/Tabla2[[#This Row],[Facturación]]",Rosario,Presencial,Tarjeta,Empresa,marzo,2025,1
V0290,2025-04-04 00:00:00,Ana,C009,Auriculares,Audio,3,60000,30000,"=+Tabla2[[#This Row],[Cantidad]]*Tabla2[[#This Row],[Precio unitario]]","=+Tabla2[[#This Row],[Costo unitario]]*Tabla2[[#This Row],[Cantidad]]","=+Tabla2[[#This Row],[Facturación]]-Tabla2[[#This Row],[Costo total]]","=+Tabla2[[#This Row],[Ganancia]]/Tabla2[[#This Row],[Facturación]]",La Plata,Online,Mercado Pago,Particular,abril,2025,2
V0291,2025-04-12 00:00:00,Pedro,C001,Notebook,Computación,3,800000,650000,"=+Tabla2[[#This Row],[Cantidad]]*Tabla2[[#This Row],[Precio unitario]]","=+Tabla2[[#This Row],[Costo unitario]]*Tabla2[[#This Row],[Cantidad]]","=+Tabla2[[#This Row],[Facturación]]-Tabla2[[#This Row],[Costo total]]","=+Tabla2[[#This Row],[Ganancia]]/Tabla2[[#This Row],[Facturación]]",Buenos Aires,Online,Transferencia,PyME,abril,2025,2
V0292,2025-04-20 00:00:00,Lucía,C017,Mouse,Periféricos,10,25000,12000,"=+Tabla2[[#This Row],[Cantidad]]*Tabla2[[#This Row],[Precio unitario]]","=+Tabla2[[#This Row],[Costo unitario]]*Tabla2[[#This Row],[Cantidad]]","=+Tabla2[[#This Row],[Facturación]]-Tabla2[[#This Row],[Costo total]]","=+Tabla2[[#This Row],[Ganancia]]/Tabla2[[#This Row],[Facturación]]",Córdoba,Presencial,Efectivo,Empresa,abril,2025,2
V0293,2025-04-28 00:00:00,Juan,C003,Monitor,Monitores,1,250000,180000,"=+Tabla2[[#This Row],[Cantidad]]*Tabla2[[#This Row],[Precio unitario]]","=+Tabla2[[#This Row],[Costo unitario]]*Tabla2[[#This Row],[Cantidad]]","=+Tabla2[[#This Row],[Facturación]]-Tabla2[[#This Row],[Costo total]]","=+Tabla2[[#This Row],[Ganancia]]/Tabla2[[#This Row],[Facturación]]",Mendoza,Online,Tarjeta,Particular,abril,2025,2
V0294,2025-05-06 00:00:00,Ana,C011,Teclado,Periféricos,6,40000,22000,"=+Tabla2[[#This Row],[Cantidad]]*Tabla2[[#This Row],[Precio unitario]]","=+Tabla2[[#This Row],[Costo unitario]]*Tabla2[[#This Row],[Cantidad]]","=+Tabla2[[#This Row],[Facturación]]-Tabla2[[#This Row],[Costo total]]","=+Tabla2[[#This Row],[Ganancia]]/Tabla2[[#This Row],[Facturación]]",Rosario,Online,Mercado Pago,Empresa,mayo,2025,2
V0295,2025-05-14 00:00:00,Pedro,C006,Auriculares,Audio,7,60000,30000,"=+Tabla2[[#This Row],[Cantidad]]*Tabla2[[#This Row],[Precio unitario]]","=+Tabla2[[#This Row],[Costo unitario]]*Tabla2[[#This Row],[Cantidad]]","=+Tabla2[[#This Row],[Facturación]]-Tabla2[[#This Row],[Costo total]]","=+Tabla2[[#This Row],[Ganancia]]/Tabla2[[#This Row],[Facturación]]",La Plata,Presencial,Transferencia,PyME,mayo,2025,2
V0296,2025-05-22 00:00:00,Lucía,C019,Notebook,Computación,1,800000,650000,"=+Tabla2[[#This Row],[Cantidad]]*Tabla2[[#This Row],[Precio unitario]]","=+Tabla2[[#This Row],[Costo unitario]]*Tabla2[[#This Row],[Cantidad]]","=+Tabla2[[#This Row],[Facturación]]-Tabla2[[#This Row],[Costo total]]","=+Tabla2[[#This Row],[Ganancia]]/Tabla2[[#This Row],[Facturación]]",Buenos Aires,Online,Tarjeta,Particular,mayo,2025,2
V0297,2025-05-30 00:00:00,Juan,C014,Mouse,Periféricos,12,25000,12000,"=+Tabla2[[#This Row],[Cantidad]]*Tabla2[[#This Row],[Precio unitario]]","=+Tabla2[[#This Row],[Costo unitario]]*Tabla2[[#This Row],[Cantidad]]","=+Tabla2[[#This Row],[Facturación]]-Tabla2[[#This Row],[Costo total]]","=+Tabla2[[#This Row],[Ganancia]]/Tabla2[[#This Row],[Facturación]]",Córdoba,Online,Mercado Pago,Empresa,mayo,2025,2
V0298,2025-06-07 00:00:00,Ana,C002,Monitor,Monitores,3,250000,180000,"=+Tabla2[[#This Row],[Cantidad]]*Tabla2[[#This Row],[Precio unitario]]","=+Tabla2[[#This Row],[Costo unitario]]*Tabla2[[#This Row],[Cantidad]]","=+Tabla2[[#This Row],[Facturación]]-Tabla2[[#This Row],[Costo total]]","=+Tabla2[[#This Row],[Ganancia]]/Tabla2[[#This Row],[Facturación]]",Mendoza,Presencial,Efectivo,PyME,junio,2025,2
V0299,2025-06-15 00:00:00,Pedro,C008,Teclado,Periféricos,5,40000,22000,"=+Tabla2[[#This Row],[Cantidad]]*Tabla2[[#This Row],[Precio unitario]]","=+Tabla2[[#This Row],[Costo unitario]]*Tabla2[[#This Row],[Cantidad]]","=+Tabla2[[#This Row],[Facturación]]-Tabla2[[#This Row],[Costo total]]","=+Tabla2[[#This Row],[Ganancia]]/Tabla2[[#This Row],[Facturación]]",Rosario,Online,Transferencia,Particular,junio,2025,2
V0300,2025-06-23 00:00:00,Lucía,C010,Auriculares,Audio,4,60000,30000,"=+Tabla2[[#This Row],[Cantidad]]*Tabla2[[#This Row],[Precio unitario]]","=+Tabla2[[#This Row],[Costo unitario]]*Tabla2[[#This Row],[Cantidad]]","=+Tabla2[[#This Row],[Facturación]]-Tabla2[[#This Row],[Costo total]]","=+Tabla2[[#This Row],[Ganancia]]/Tabla2[[#This Row],[Facturación]]",La Plata,Online,Tarjeta,Empresa,junio,2025,2
V301,2026-09-25 00:00:00,Ana,C001,Notebook,Computación,2,800000,650000,"=+Tabla2[[#This Row],[Cantidad]]*Tabla2[[#This Row],[Precio unitario]]","=+Tabla2[[#This Row],[Costo unitario]]*Tabla2[[#This Row],[Cantidad]]","=+Tabla2[[#This Row],[Facturación]]-Tabla2[[#This Row],[Costo total]]","=+Tabla2[[#This Row],[Ganancia]]/Tabla2[[#This Row],[Facturación]]",Buenos Aires,Presencial,Transferencia,Empresa,junio,2025,2
,,,,,,,,,"=SUBTOTAL(109,Tabla2[Facturación])",,,,,,,,,,
